Date;Rue;Latitude;Longitude;Vitesse;Etat;Distance;Infos
22/11/23 08:54:53;;45.152981;5.737578;;DEPOT;0;
22/11/23 08:54:53;;45.152981;5.737578;;DEPOT;0;
22/11/23 08:54:53;;45.152981;5.737578;;DEPOT;0;
22/11/23 08:54:53;;45.152981;5.737578;;DEPOT;0;
22/11/23 08:54:53;;45.152981;5.737578;;DEPOT;0;
22/11/23 08:54:54;;45.152981;5.737578;;DEPOT;0;
22/11/23 08:54:54;;45.152981;5.737578;;DEPOT;0;
22/11/23 08:54:54;;45.152981;5.737578;;DEPOT;0;
22/11/23 08:54:54;;45.152981;5.737578;;DEPOT;0;
22/11/23 08:55:01;;45.152981;5.737578;0.0;DEPOT;75;
22/11/23 09:24:46;Rue Le Corbusier, Eybens;45.153362;5.736786;15.0;HAUT LE PIED;12;
22/11/23 09:24:49;Rue Le Corbusier, Eybens;45.153381;5.736637;13.0;HAUT LE PIED;183;
22/11/23 09:25:10;Inconnu, Eybens;45.153358;5.734308;15.0;HAUT LE PIED;12;
22/11/23 09:25:15;Inconnu, Eybens;45.153423;5.734181;13.0;HAUT LE PIED;23;
22/11/23 09:25:19;Avenue d'Innsbruck, Eybens;45.153564;5.733964;26.0;HAUT LE PIED;21;
22/11/23 09:25:22;Avenue d'Innsbruck, Eybens;45.153572;5.733692;28.0;HAUT LE PIED;24;
22/11/23 09:25:25;Rond-Point Jean Monnet, Eybens;45.153439;5.733451;31.0;HAUT LE PIED;24;
22/11/23 09:25:28;Rond-Point Jean Monnet, Eybens;45.153221;5.733453;31.0;HAUT LE PIED;26;
22/11/23 09:25:31;D 269A, Eybens;45.153027;5.73364;31.0;HAUT LE PIED;28;
22/11/23 09:25:34;D 269A, Eybens;45.15279;5.733759;37.0;HAUT LE PIED;157;
22/11/23 09:25:49;D 269A, Eybens;45.151382;5.733804;24.0;HAUT LE PIED;18;
22/11/23 09:25:52;Inconnu, Eybens;45.151276;5.733624;26.0;HAUT LE PIED;24;
22/11/23 09:25:55;Inconnu, Eybens;45.151112;5.733432;30.0;HAUT LE PIED;26;
22/11/23 09:25:58;Rocade Sud, Eybens;45.150883;5.733387;32.0;HAUT LE PIED;18;
22/11/23 09:26:00;Inconnu, Eybens;45.15073;5.733478;34.0;HAUT LE PIED;37;
22/11/23 09:26:04;Inconnu, Eybens;45.150536;5.733866;33.0;HAUT LE PIED;28;
22/11/23 09:26:07;D 269A, Eybens;45.150337;5.734085;34.0;HAUT LE PIED;248;
22/11/23 09:26:30;D 269A, Eybens;45.148304;5.735368;16.0;HAUT LE PIED;23;
22/11/23 09:26:34;Avenue de Kimberley, Eybens;45.148098;5.735373;26.0;HAUT LE PIED;20;
22/11/23 09:26:37;Rue François Quesnay, Eybens;45.147987;5.735574;25.0;HAUT LE PIED;21;
22/11/23 09:26:40;Rue François Quesnay, Eybens;45.148037;5.735826;27.0;HAUT LE PIED;22;
22/11/23 09:26:43;Rue Pierre Mendès France, Eybens;45.148201;5.73599;28.0;HAUT LE PIED;26;
22/11/23 09:26:46;Rue Pierre Mendès France, Eybens;45.148338;5.736259;33.0;HAUT LE PIED;123;
22/11/23 09:27:01;Rue Mersenne, Eybens;45.148796;5.737683;15.0;HAUT LE PIED;13;
22/11/23 09:27:04;Rue Mersenne, Eybens;45.148914;5.737703;16.0;HAUT LE PIED;67;
22/11/23 09:27:16;Rue Mersenne, Eybens;45.149498;5.737502;9.0;HAUT LE PIED;11;
22/11/23 09:27:19;Rue Irène Joliot Curie, Eybens;45.14957;5.737404;18.0;HAUT LE PIED;11;
22/11/23 09:27:22;Inconnu, Eybens;45.149555;5.737267;12.0;HAUT LE PIED;10;
22/11/23 09:27:48;Inconnu, Eybens;45.149559;5.737137;;COLLECTE;0;
22/11/23 09:27:50;Inconnu, Eybens;45.149559;5.737137;;ARRET;0;
22/11/23 09:27:53;Inconnu, Eybens;45.149559;5.737142;0.0;ARRET;0;
22/11/23 09:27:54;Inconnu, Eybens;45.149559;5.737144;;COLLECTE;1;
22/11/23 09:28:03;Inconnu, Eybens;45.149551;5.737151;;ARRET;0;
22/11/23 09:28:17;Inconnu, Eybens;45.149551;5.737151;;COLLECTE;0;
22/11/23 09:28:35;Inconnu, Eybens;45.149551;5.737151;;ARRET;0;
22/11/23 09:28:39;Inconnu, Eybens;45.149548;5.737149;;ARRET;26;
22/11/23 09:28:46;Rue Irène Joliot Curie, Eybens;45.149494;5.736824;22.0;HAUT LE PIED;53;
22/11/23 09:28:54;Rue Irène Joliot Curie, Eybens;45.149426;5.736157;21.0;HAUT LE PIED;16;
22/11/23 09:28:57;Rue Irène Joliot Curie, Eybens;45.149525;5.73601;24.0;HAUT LE PIED;73;
22/11/23 09:29:08;Rue Irène Joliot Curie, Eybens;45.150154;5.735768;16.0;HAUT LE PIED;10;
22/11/23 09:29:11;Inconnu, Eybens;45.150181;5.735642;14.0;HAUT LE PIED;69;
22/11/23 09:29:24;Inconnu, Eybens;45.150063;5.734778;15.0;HAUT LE PIED;10;
22/11/23 09:29:27;Inconnu, Eybens;45.150135;5.734704;15.0;HAUT LE PIED;12;
22/11/23 09:29:30;Inconnu, Eybens;45.150246;5.734724;9.0;HAUT LE PIED;7;
22/11/23 09:29:33;Inconnu, Eybens;45.150307;5.734724;8.0;HAUT LE PIED;7;
22/11/23 09:29:36;Inconnu, Eybens;45.150322;5.734641;10.0;HAUT LE PIED;2;
22/11/23 09:29:37;Inconnu, Eybens;45.150314;5.734622;;ARRET;1;
22/11/23 09:29:38;Inconnu, Eybens;45.150311;5.734613;;MARCHE ARRIERE;4;
22/11/23 09:29:47;Inconnu, Eybens;45.150303;5.734663;;ARRET;3;
22/11/23 09:30:04;Inconnu, Eybens;45.150307;5.734628;;COLLECTE;0;
22/11/23 09:30:07;Inconnu, Eybens;45.150307;5.734627;0.0;COLLECTE;0;
22/11/23 09:30:08;Inconnu, Eybens;45.150307;5.734627;;COLLECTE;0;
22/11/23 09:30:13;Inconnu, Eybens;45.150307;5.734627;;COLLECTE;0;
22/11/23 09:30:20;Inconnu, Eybens;45.150307;5.734627;;ARRET;26;
22/11/23 09:30:34;Inconnu, Eybens;45.150085;5.734714;19.0;HAUT LE PIED;16;
22/11/23 09:30:37;Inconnu, Eybens;45.150036;5.734901;19.0;HAUT LE PIED;49;
22/11/23 09:30:45;Inconnu, Eybens;45.150124;5.735518;22.0;HAUT LE PIED;14;
22/11/23 09:30:48;Inconnu, Eybens;45.150139;5.735699;13.0;HAUT LE PIED;11;
22/11/23 09:30:51;Rue Irène Joliot Curie, Eybens;45.150074;5.735812;14.0;HAUT LE PIED;12;
22/11/23 09:30:54;Rue Irène Joliot Curie, Eybens;45.149963;5.735815;16.0;HAUT LE PIED;58;
22/11/23 09:31:02;Rue Irène Joliot Curie, Eybens;45.149452;5.735979;23.0;HAUT LE PIED;18;
22/11/23 09:31:05;Rue Irène Joliot Curie, Eybens;45.149345;5.736159;22.0;HAUT LE PIED;5;
22/11/23 09:31:06;Rue Irène Joliot Curie, Eybens;45.149342;5.736225;;ARRET;10;
22/11/23 09:31:08;Rue Irène Joliot Curie, Eybens;45.149345;5.736351;15.0;HAUT LE PIED;4;
22/11/23 09:31:09;Rue Irène Joliot Curie, Eybens;45.149353;5.736398;;ARRET;3;
22/11/23 09:31:20;Rue Irène Joliot Curie, Eybens;45.149349;5.736438;;COLLECTE;1;
22/11/23 09:31:32;Rue Irène Joliot Curie, Eybens;45.149353;5.736449;;ARRET;0;
22/11/23 09:31:39;Rue Irène Joliot Curie, Eybens;45.149353;5.736448;0.0;ARRET;0;
22/11/23 09:31:45;Rue Irène Joliot Curie, Eybens;45.149353;5.736448;;COLLECTE;0;
22/11/23 09:31:53;Rue Irène Joliot Curie, Eybens;45.149353;5.736449;;ARRET;0;
22/11/23 09:31:55;Rue Irène Joliot Curie, Eybens;45.149353;5.736449;;ARRET;30;
22/11/23 09:32:05;Rue Irène Joliot Curie, Eybens;45.14941;5.736824;19.0;HAUT LE PIED;98;
22/11/23 09:32:33;Rue Irène Joliot Curie, Eybens;45.149574;5.738046;;ARRET;1;
22/11/23 09:32:35;Rue Irène Joliot Curie, Eybens;45.149567;5.738049;0.0;ARRET;1;
22/11/23 09:32:42;Rue Irène Joliot Curie, Eybens;45.149559;5.738044;;COLLECTE;1;
22/11/23 09:32:55;Rue Irène Joliot Curie, Eybens;45.149555;5.738041;;ARRET;0;
22/11/23 09:33:04;Rue Irène Joliot Curie, Eybens;45.149555;5.738041;;COLLECTE;0;
22/11/23 09:33:16;Rue Irène Joliot Curie, Eybens;45.149555;5.738041;;ARRET;0;
22/11/23 09:33:25;Rue Irène Joliot Curie, Eybens;45.149555;5.738041;;COLLECTE;0;
22/11/23 09:33:34;Rue Irène Joliot Curie, Eybens;45.149555;5.738041;;ARRET;0;
22/11/23 09:33:38;Rue Irène Joliot Curie, Eybens;45.149555;5.738041;;COLLECTE;1;
22/11/23 09:33:48;Rue Irène Joliot Curie, Eybens;45.149563;5.738042;;ARRET;1;
22/11/23 09:33:51;Rue Irène Joliot Curie, Eybens;45.149574;5.738038;;ARRET;28;
22/11/23 09:34:07;Rue Maupertuis, Eybens;45.149822;5.737987;21.0;HAUT LE PIED;96;
22/11/23 09:34:25;Rue Maupertuis, Eybens;45.150665;5.737727;;ARRET;1;
22/11/23 09:34:38;Rue Maupertuis, Eybens;45.150665;5.737734;0.0;ARRET;0;
22/11/23 09:34:39;Rue Maupertuis, Eybens;45.150669;5.737734;;COLLECTE;0;
22/11/23 09:35:00;Rue Maupertuis, Eybens;45.150669;5.737734;;ARRET;0;
22/11/23 09:35:17;Rue Maupertuis, Eybens;45.150669;5.737735;;COLLECTE;0;
22/11/23 09:35:29;Rue Maupertuis, Eybens;45.150673;5.737735;;ARRET;0;
22/11/23 09:35:31;Rue Maupertuis, Eybens;45.150673;5.737735;;ARRET;29;
22/11/23 09:35:40;Rue Maupertuis, Eybens;45.150928;5.737644;18.0;HAUT LE PIED;13;
22/11/23 09:35:43;Rue Maupertuis, Eybens;45.151039;5.73758;14.0;HAUT LE PIED;10;
22/11/23 09:35:46;Rue Maupertuis, Eybens;45.151127;5.737578;12.0;HAUT LE PIED;4;
22/11/23 09:35:48;Rue Maupertuis, Eybens;45.151131;5.737627;;ARRET;2;
22/11/23 09:35:50;Rue Maupertuis, Eybens;45.151127;5.737646;;MARCHE ARRIERE;10;
22/11/23 09:36:01;Rue Maupertuis, Eybens;45.151062;5.737561;;ARRET;1;
22/11/23 09:36:08;Rue Maupertuis, Eybens;45.15107;5.737567;;COLLECTE;1;
22/11/23 09:36:17;Rue Maupertuis, Eybens;45.151066;5.737581;0.0;COLLECTE;0;
22/11/23 09:36:20;Rue Maupertuis, Eybens;45.151066;5.737582;;ARRET;0;
22/11/23 09:36:23;Rue Maupertuis, Eybens;45.151066;5.737582;;COLLECTE;0;
22/11/23 09:36:35;Rue Maupertuis, Eybens;45.151066;5.737582;;ARRET;0;
22/11/23 09:36:43;Rue Maupertuis, Eybens;45.151066;5.737583;;COLLECTE;0;
22/11/23 09:36:49;Rue Maupertuis, Eybens;45.151066;5.737583;;ARRET;27;
22/11/23 09:37:08;Rue Maupertuis, Eybens;45.150826;5.737611;11.0;HAUT LE PIED;3;
22/11/23 09:37:17;Rue Maupertuis, Eybens;45.150799;5.737604;;COLLECTE;1;
22/11/23 09:37:26;Rue Maupertuis, Eybens;45.150791;5.737603;;ARRET;21;
22/11/23 09:37:39;Rue Maupertuis, Eybens;45.150608;5.737656;0.0;ARRET;1;
22/11/23 09:37:43;Rue Maupertuis, Eybens;45.150616;5.737657;;COLLECTE;0;
22/11/23 09:37:45;Rue Maupertuis, Eybens;45.150616;5.737657;;COLLECTE;1;
22/11/23 09:37:55;Rue Maupertuis, Eybens;45.15062;5.737652;;COLLECTE;0;
22/11/23 09:37:59;Rue Maupertuis, Eybens;45.15062;5.737652;;ARRET;0;
22/11/23 09:38:01;Rue Maupertuis, Eybens;45.15062;5.737652;;ARRET;30;
22/11/23 09:38:09;Rue Maupertuis, Eybens;45.15036;5.737737;21.0;HAUT LE PIED;58;
22/11/23 09:38:21;Rue Maupertuis, Eybens;45.149845;5.737882;;ARRET;1;
22/11/23 09:38:29;Rue Maupertuis, Eybens;45.149837;5.73789;;COLLECTE;0;
22/11/23 09:38:35;Rue Maupertuis, Eybens;45.149841;5.737892;;ARRET;1;
22/11/23 09:38:37;Rue Maupertuis, Eybens;45.149837;5.737885;;ARRET;8;
22/11/23 09:38:40;Inconnu, Eybens;45.149765;5.737906;10.0;HAUT LE PIED;18;
22/11/23 09:38:48;Rue Irène Joliot Curie, Eybens;45.14962;5.738013;10.0;HAUT LE PIED;12;
22/11/23 09:38:53;Rue Irène Joliot Curie, Eybens;45.149651;5.738157;10.0;HAUT LE PIED;129;
22/11/23 09:39:16;Rue Irène Joliot Curie, Eybens;45.149887;5.73977;;ARRET;5;
22/11/23 09:39:23;Rue Irène Joliot Curie, Eybens;45.149879;5.739838;0.0;ARRET;1;
22/11/23 09:39:29;Rue Irène Joliot Curie, Eybens;45.149883;5.739827;;COLLECTE;1;
22/11/23 09:39:37;Rue Irène Joliot Curie, Eybens;45.149872;5.739834;;ARRET;0;
22/11/23 09:39:45;Rue Irène Joliot Curie, Eybens;45.149876;5.739835;;COLLECTE;0;
22/11/23 09:39:57;Rue Irène Joliot Curie, Eybens;45.149876;5.739835;;ARRET;0;
22/11/23 09:40:03;Rue Irène Joliot Curie, Eybens;45.149876;5.739835;;COLLECTE;0;
22/11/23 09:40:11;Rue Irène Joliot Curie, Eybens;45.149876;5.739835;;ARRET;0;
22/11/23 09:40:14;Rue Irène Joliot Curie, Eybens;45.149876;5.739835;;COLLECTE;0;
22/11/23 09:40:22;Rue Irène Joliot Curie, Eybens;45.149876;5.739835;;ARRET;0;
22/11/23 09:40:25;Rue Irène Joliot Curie, Eybens;45.149876;5.739835;;COLLECTE;1;
22/11/23 09:40:38;Rue Irène Joliot Curie, Eybens;45.149872;5.739848;;ARRET;1;
22/11/23 09:40:41;Rue Irène Joliot Curie, Eybens;45.149872;5.739856;;ARRET;25;
22/11/23 09:40:49;Rue Irène Joliot Curie, Eybens;45.14994;5.740162;15.0;HAUT LE PIED;60;
22/11/23 09:41:02;Rue Irène Joliot Curie, Eybens;45.150074;5.740897;18.0;HAUT LE PIED;5;
22/11/23 09:41:03;Rue Irène Joliot Curie, Eybens;45.150074;5.740962;;ARRET;2;
22/11/23 09:41:26;Rue Irène Joliot Curie, Eybens;45.150055;5.740973;;ARRET;0;
22/11/23 09:41:31;Rue Irène Joliot Curie, Eybens;45.150055;5.740973;;ARRET;0;
22/11/23 09:41:32;Rue Irène Joliot Curie, Eybens;45.150055;5.740973;0.0;ARRET;0;
22/11/23 09:41:36;Rue Irène Joliot Curie, Eybens;45.150055;5.740973;;COLLECTE;0;
22/11/23 09:41:47;Rue Irène Joliot Curie, Eybens;45.150055;5.740973;;ARRET;0;
22/11/23 09:42:16;Rue Irène Joliot Curie, Eybens;45.150055;5.740973;;COLLECTE;0;
22/11/23 09:42:22;Rue Irène Joliot Curie, Eybens;45.150055;5.740973;;ARRET;0;
22/11/23 09:42:31;Rue Irène Joliot Curie, Eybens;45.150051;5.740973;;COLLECTE;0;
22/11/23 09:42:41;Rue Irène Joliot Curie, Eybens;45.150051;5.740972;;ARRET;0;
22/11/23 09:42:45;Rue Irène Joliot Curie, Eybens;45.150051;5.740972;;COLLECTE;0;
22/11/23 09:42:47;Rue Irène Joliot Curie, Eybens;45.150051;5.740972;;COLLECTE;0;
22/11/23 09:42:52;Rue Irène Joliot Curie, Eybens;45.150051;5.740972;;COLLECTE;0;
22/11/23 09:42:52;Rue Irène Joliot Curie, Eybens;45.150051;5.740972;;ARRET;25;
22/11/23 09:43:15;Rue Irène Joliot Curie, Eybens;45.150143;5.741267;23.0;HAUT LE PIED;9;
22/11/23 09:43:19;Rue Irène Joliot Curie, Eybens;45.150188;5.741173;;MARCHE ARRIERE;6;
22/11/23 09:43:30;Rue Irène Joliot Curie, Eybens;45.150181;5.741251;;ARRET;1;
22/11/23 09:43:41;Rue Irène Joliot Curie, Eybens;45.150192;5.741252;;COLLECTE;0;
22/11/23 09:43:46;Rue Irène Joliot Curie, Eybens;45.150192;5.741253;0.0;COLLECTE;0;
22/11/23 09:43:50;Rue Irène Joliot Curie, Eybens;45.150192;5.741253;;ARRET;0;
22/11/23 09:44:00;Rue Irène Joliot Curie, Eybens;45.150196;5.741251;;COLLECTE;1;
22/11/23 09:44:07;Rue Irène Joliot Curie, Eybens;45.150192;5.741247;;ARRET;0;
22/11/23 09:44:09;Rue Irène Joliot Curie, Eybens;45.150192;5.741246;;ARRET;25;
22/11/23 09:44:17;Rue Irène Joliot Curie, Eybens;45.15015;5.740937;18.0;HAUT LE PIED;24;
22/11/23 09:44:21;Rue Irène Joliot Curie, Eybens;45.150093;5.740638;25.0;HAUT LE PIED;36;
22/11/23 09:44:28;Rue Évariste Galois, Eybens;45.150051;5.74018;8.0;HAUT LE PIED;8;
22/11/23 09:44:31;Rue Évariste Galois, Eybens;45.150101;5.740115;13.0;HAUT LE PIED;46;
22/11/23 09:44:42;Rue Denis Papin, Eybens;45.150494;5.739925;17.0;HAUT LE PIED;14;
22/11/23 09:44:45;Rue Denis Papin, Eybens;45.15057;5.739783;14.0;HAUT LE PIED;19;
22/11/23 09:44:54;Inconnu, Eybens;45.150665;5.739587;;ARRET;12;
22/11/23 09:45:03;Rue Denis Papin, Eybens;45.150715;5.739457;9.0;HAUT LE PIED;12;
22/11/23 09:45:09;Rue Denis Papin, Eybens;45.150734;5.739309;9.0;HAUT LE PIED;8;
22/11/23 09:45:20;Rue Denis Papin, Eybens;45.150688;5.739226;;MARCHE ARRIERE;9;
22/11/23 09:45:30;Rue Denis Papin, Eybens;45.150738;5.73931;;ARRET;4;
22/11/23 09:45:36;Rue Denis Papin, Eybens;45.150707;5.739296;;COLLECTE;1;
22/11/23 09:45:40;Rue Denis Papin, Eybens;45.1507;5.739289;0.0;COLLECTE;1;
22/11/23 09:45:47;Rue Denis Papin, Eybens;45.1507;5.73928;;ARRET;1;
22/11/23 09:45:56;Rue Denis Papin, Eybens;45.150692;5.739285;;COLLECTE;5;
22/11/23 09:46:15;Rue Denis Papin, Eybens;45.15065;5.739302;;ARRET;0;
22/11/23 09:46:27;Rue Denis Papin, Eybens;45.15065;5.739302;;COLLECTE;0;
22/11/23 09:46:33;Rue Denis Papin, Eybens;45.15065;5.739302;;ARRET;0;
22/11/23 09:46:34;Rue Denis Papin, Eybens;45.15065;5.739302;;MARCHE ARRIERE;7;
22/11/23 09:46:46;Rue Denis Papin, Eybens;45.150711;5.739331;;MARCHE ARRIERE;0;
22/11/23 09:46:46;Rue Denis Papin, Eybens;45.150711;5.739331;;ARRET;26;
22/11/23 09:46:59;Rue Denis Papin, Eybens;45.15057;5.73959;14.0;HAUT LE PIED;14;
22/11/23 09:47:03;Rue Denis Papin, Eybens;45.150509;5.739746;;ARRET;5;
22/11/23 09:47:19;Rue Denis Papin, Eybens;45.150551;5.739727;;COLLECTE;0;
22/11/23 09:47:20;Rue Denis Papin, Eybens;45.150551;5.739727;;ARRET;0;
22/11/23 09:47:30;Rue Denis Papin, Eybens;45.150551;5.739728;0.0;ARRET;0;
22/11/23 09:47:31;Rue Denis Papin, Eybens;45.150551;5.739728;;COLLECTE;0;
22/11/23 09:47:42;Rue Denis Papin, Eybens;45.150551;5.739729;;ARRET;0;
22/11/23 09:47:45;Rue Denis Papin, Eybens;45.150551;5.739729;;ARRET;28;
22/11/23 09:47:58;Rue Évariste Galois, Eybens;45.150517;5.740078;12.0;HAUT LE PIED;13;
22/11/23 09:48:01;Rue Évariste Galois, Eybens;45.150608;5.740187;8.0;HAUT LE PIED;1;
22/11/23 09:48:02;Rue Évariste Galois, Eybens;45.15062;5.740194;;ARRET;0;
22/11/23 09:48:10;Rue Évariste Galois, Eybens;45.150616;5.740195;;COLLECTE;1;
22/11/23 09:48:18;Rue Évariste Galois, Eybens;45.150608;5.740192;;ARRET;0;
22/11/23 09:48:23;Rue Évariste Galois, Eybens;45.150608;5.740192;;COLLECTE;0;
22/11/23 09:48:29;Rue Évariste Galois, Eybens;45.150608;5.740192;;COLLECTE;0;
22/11/23 09:48:32;Rue Évariste Galois, Eybens;45.150608;5.740192;;COLLECTE;0;
22/11/23 09:48:35;Rue Évariste Galois, Eybens;45.150608;5.740192;;ARRET;0;
22/11/23 09:48:45;Rue Évariste Galois, Eybens;45.150608;5.740191;;COLLECTE;0;
22/11/23 09:48:52;Rue Évariste Galois, Eybens;45.150608;5.740191;;ARRET;0;
22/11/23 09:48:58;Rue Évariste Galois, Eybens;45.150608;5.740191;;ARRET;27;
22/11/23 09:49:21;Rue Évariste Galois, Eybens;45.150803;5.7404;9.0;HAUT LE PIED;7;
22/11/23 09:49:26;Rue Lazare Carnot, Eybens;45.150848;5.740469;;ARRET;1;
22/11/23 09:49:45;Rue Évariste Galois, Eybens;45.150856;5.740461;;COLLECTE;0;
22/11/23 09:49:51;Rue Évariste Galois, Eybens;45.150856;5.740461;0.0;COLLECTE;0;
22/11/23 09:49:55;Rue Évariste Galois, Eybens;45.150856;5.740461;;ARRET;0;
22/11/23 09:50:21;Rue Évariste Galois, Eybens;45.150856;5.740462;;COLLECTE;0;
22/11/23 09:50:27;Rue Évariste Galois, Eybens;45.150856;5.740462;;ARRET;0;
22/11/23 09:50:34;Rue Évariste Galois, Eybens;45.150856;5.740462;;COLLECTE;0;
22/11/23 09:50:42;Rue Évariste Galois, Eybens;45.150852;5.740462;;ARRET;0;
22/11/23 09:50:46;Rue Évariste Galois, Eybens;45.150852;5.740462;;COLLECTE;0;
22/11/23 09:50:51;Rue Évariste Galois, Eybens;45.150852;5.740462;;ARRET;0;
22/11/23 09:50:56;Rue Évariste Galois, Eybens;45.150852;5.740463;;COLLECTE;0;
22/11/23 09:51:02;Rue Évariste Galois, Eybens;45.150852;5.740463;;ARRET;27;
22/11/23 09:51:17;Rue Évariste Galois, Eybens;45.151096;5.740408;20.0;HAUT LE PIED;9;
22/11/23 09:51:19;Rue Évariste Galois, Eybens;45.151176;5.740391;;ARRET;3;
22/11/23 09:51:21;Rue Évariste Galois, Eybens;45.151207;5.740387;;ARRET;2;
22/11/23 09:51:27;Rue Évariste Galois, Eybens;45.151218;5.740413;;COLLECTE;1;
22/11/23 09:51:32;Rue Évariste Galois, Eybens;45.151226;5.740427;;ARRET;1;
22/11/23 09:51:35;Rue Évariste Galois, Eybens;45.151234;5.740425;;ARRET;33;
22/11/23 09:51:43;Rue Évariste Galois, Eybens;45.15152;5.74031;14.0;HAUT LE PIED;12;
22/11/23 09:51:46;Rue Évariste Galois, Eybens;45.151531;5.740161;13.0;HAUT LE PIED;3;
22/11/23 09:51:48;Rue Évariste Galois, Eybens;45.151516;5.74013;;ARRET;1;
22/11/23 09:51:49;Rue Évariste Galois, Eybens;45.151512;5.740127;;MARCHE ARRIERE;8;
22/11/23 09:52:05;Rue Évariste Galois, Eybens;45.151546;5.740213;;ARRET;2;
22/11/23 09:52:16;Rue Évariste Galois, Eybens;45.151535;5.7402;0.0;ARRET;0;
22/11/23 09:52:34;Rue Évariste Galois, Eybens;45.151535;5.740198;;COLLECTE;0;
22/11/23 09:52:44;Rue Évariste Galois, Eybens;45.151535;5.740197;;ARRET;0;
22/11/23 09:52:52;Rue Évariste Galois, Eybens;45.151535;5.740197;;COLLECTE;0;
22/11/23 09:53:02;Rue Évariste Galois, Eybens;45.151535;5.740197;;ARRET;0;
22/11/23 09:53:06;Rue Évariste Galois, Eybens;45.151535;5.740197;;COLLECTE;0;
22/11/23 09:53:19;Rue Évariste Galois, Eybens;45.151535;5.740197;;ARRET;0;
22/11/23 09:53:25;Rue Évariste Galois, Eybens;45.151535;5.740197;;COLLECTE;1;
22/11/23 09:53:38;Rue Évariste Galois, Eybens;45.151546;5.740186;;ARRET;1;
22/11/23 09:53:49;Rue Évariste Galois, Eybens;45.151546;5.740169;;COLLECTE;0;
22/11/23 09:54:09;Rue Évariste Galois, Eybens;45.151546;5.740169;;ARRET;26;
22/11/23 09:54:21;Rue Évariste Galois, Eybens;45.151459;5.739864;13.0;HAUT LE PIED;9;
22/11/23 09:54:52;Rue Évariste Galois, Eybens;45.151466;5.739749;0.0;ARRET;0;
22/11/23 09:55:07;Rue Évariste Galois, Eybens;45.151466;5.739749;;COLLECTE;0;
22/11/23 09:55:18;Rue Évariste Galois, Eybens;45.151466;5.739749;;ARRET;0;
22/11/23 09:55:23;Rue Évariste Galois, Eybens;45.151466;5.739749;;COLLECTE;0;
22/11/23 09:55:34;Rue Évariste Galois, Eybens;45.151466;5.739749;;ARRET;0;
22/11/23 09:55:37;Rue Évariste Galois, Eybens;45.151466;5.739749;;COLLECTE;0;
22/11/23 09:55:46;Rue Évariste Galois, Eybens;45.151466;5.739749;;ARRET;26;
22/11/23 09:56:23;Rue Évariste Galois, Eybens;45.151432;5.739417;24.0;HAUT LE PIED;15;
22/11/23 09:56:25;Rue Évariste Galois, Eybens;45.151405;5.739234;;ARRET;49;
22/11/23 09:56:38;Inconnu, Eybens;45.151306;5.738629;9.0;HAUT LE PIED;11;
22/11/23 09:56:41;Inconnu, Eybens;45.151211;5.738645;12.0;HAUT LE PIED;5;
22/11/23 09:56:43;Inconnu, Eybens;45.15118;5.738698;;ARRET;1;
22/11/23 09:56:45;Inconnu, Eybens;45.151173;5.738711;;MARCHE ARRIERE;7;
22/11/23 09:56:58;Inconnu, Eybens;45.151199;5.738636;;ARRET;2;
22/11/23 09:57:11;Inconnu, Eybens;45.151203;5.738616;0.0;ARRET;0;
22/11/23 09:57:15;Inconnu, Eybens;45.151203;5.738616;;COLLECTE;0;
22/11/23 09:57:23;Inconnu, Eybens;45.151203;5.738616;;ARRET;0;
22/11/23 09:57:30;Inconnu, Eybens;45.151203;5.738616;;COLLECTE;0;
22/11/23 09:57:39;Inconnu, Eybens;45.151203;5.738617;;ARRET;26;
22/11/23 09:58:06;Rue Évariste Galois, Eybens;45.151283;5.738926;12.0;HAUT LE PIED;98;
22/11/23 09:58:20;Rue Évariste Galois, Eybens;45.151451;5.740156;21.0;HAUT LE PIED;16;
22/11/23 09:58:23;Rue Évariste Galois, Eybens;45.151344;5.740284;22.0;HAUT LE PIED;51;
22/11/23 09:58:30;Rue Évariste Galois, Eybens;45.15089;5.740368;29.0;HAUT LE PIED;24;
22/11/23 09:58:33;Rue Évariste Galois, Eybens;45.150707;5.740207;29.0;HAUT LE PIED;34;
22/11/23 09:58:37;Rue Évariste Galois, Eybens;45.150444;5.739997;28.0;HAUT LE PIED;23;
22/11/23 09:58:40;Rue Évariste Galois, Eybens;45.150234;5.740014;28.0;HAUT LE PIED;26;
22/11/23 09:58:44;Rue Évariste Galois, Eybens;45.150002;5.740049;16.0;HAUT LE PIED;13;
22/11/23 09:58:47;Rue Irène Joliot Curie, Eybens;45.149948;5.739902;16.0;HAUT LE PIED;84;
22/11/23 09:59:05;Rue Irène Joliot Curie, Eybens;45.149815;5.738851;10.0;HAUT LE PIED;43;
22/11/23 09:59:16;Rue Irène Joliot Curie, Eybens;45.1497;5.738326;8.0;HAUT LE PIED;9;
22/11/23 09:59:20;Rue Irène Joliot Curie, Eybens;45.149708;5.738216;9.0;HAUT LE PIED;8;
22/11/23 09:59:24;Rue Irène Joliot Curie, Eybens;45.1497;5.738115;;MARCHE ARRIERE;5;
22/11/23 09:59:34;Rue Irène Joliot Curie, Eybens;45.149708;5.738173;;ARRET;0;
22/11/23 09:59:51;Rue Irène Joliot Curie, Eybens;45.149708;5.738173;0.0;ARRET;0;
22/11/23 10:00:14;Rue Irène Joliot Curie, Eybens;45.149712;5.738173;;COLLECTE;0;
22/11/23 10:00:55;Rue Irène Joliot Curie, Eybens;45.149712;5.738173;;ARRET;0;
22/11/23 10:01:00;Rue Irène Joliot Curie, Eybens;45.149712;5.738173;;COLLECTE;1;
22/11/23 10:01:13;Rue Irène Joliot Curie, Eybens;45.149719;5.738158;;ARRET;0;
22/11/23 10:01:19;Rue Irène Joliot Curie, Eybens;45.149723;5.738157;;COLLECTE;0;
22/11/23 10:01:51;Rue Irène Joliot Curie, Eybens;45.149727;5.738156;;ARRET;0;
22/11/23 10:01:54;Rue Irène Joliot Curie, Eybens;45.149723;5.738157;;COLLECTE;1;
22/11/23 10:02:05;Rue Irène Joliot Curie, Eybens;45.149715;5.738164;;ARRET;60;
22/11/23 10:02:39;Rue Mersenne, Eybens;45.149464;5.737489;14.0;HAUT LE PIED;59;
22/11/23 10:02:49;Rue Mersenne, Eybens;45.148945;5.73761;8.0;HAUT LE PIED;9;
22/11/23 10:02:52;Rue Mersenne, Eybens;45.148865;5.7376;11.0;HAUT LE PIED;13;
22/11/23 10:02:55;Rue Pierre Mendès France, Eybens;45.148808;5.737461;21.0;HAUT LE PIED;20;
22/11/23 10:02:58;Rue Pierre Mendès France, Eybens;45.148762;5.737216;28.0;HAUT LE PIED;109;
22/11/23 10:03:12;Rue Pierre Mendès France, Eybens;45.148365;5.735949;8.0;HAUT LE PIED;28;
22/11/23 10:03:21;D 269A, Eybens;45.148464;5.735619;27.0;HAUT LE PIED;133;
22/11/23 10:03:33;D 269A, Eybens;45.149521;5.734816;50.0;HAUT LE PIED;122;
22/11/23 10:03:43;D 269A, Eybens;45.150555;5.734285;29.0;HAUT LE PIED;21;
22/11/23 10:03:46;Inconnu, Eybens;45.150707;5.734451;27.0;HAUT LE PIED;25;
22/11/23 10:03:49;Inconnu, Eybens;45.150909;5.734588;34.0;HAUT LE PIED;28;
22/11/23 10:03:52;Inconnu, Eybens;45.151157;5.734564;36.0;HAUT LE PIED;30;
22/11/23 10:03:55;Inconnu, Eybens;45.151337;5.734283;31.0;HAUT LE PIED;26;
22/11/23 10:03:58;Inconnu, Eybens;45.15152;5.734082;32.0;HAUT LE PIED;30;
22/11/23 10:04:01;D 269A, Eybens;45.151787;5.734046;40.0;HAUT LE PIED;132;
22/11/23 10:04:12;Inconnu, Eybens;45.152969;5.733976;25.0;HAUT LE PIED;19;
22/11/23 10:04:15;Rond-Point Jean Monnet, Eybens;45.153118;5.7341;25.0;HAUT LE PIED;23;
22/11/23 10:04:18;Rond-Point Jean Monnet, Eybens;45.153309;5.734206;29.0;HAUT LE PIED;24;
22/11/23 10:04:21;Rond-Point Jean Monnet, Eybens;45.153511;5.734101;30.0;HAUT LE PIED;24;
22/11/23 10:04:24;Avenue d'Innsbruck, Eybens;45.153595;5.733819;31.0;HAUT LE PIED;24;
22/11/23 10:04:27;Rond-Point Jean Monnet, Eybens;45.1535;5.73354;31.0;HAUT LE PIED;25;
22/11/23 10:04:30;Rond-Point Jean Monnet, Eybens;45.153282;5.733441;33.0;HAUT LE PIED;26;
22/11/23 10:04:33;Rond-Point Jean Monnet, Eybens;45.153076;5.733597;31.0;HAUT LE PIED;27;
22/11/23 10:04:36;D 269A, Eybens;45.152851;5.73373;35.0;HAUT LE PIED;110;
22/11/23 10:04:46;Inconnu, Eybens;45.151863;5.733629;44.0;HAUT LE PIED;53;
22/11/23 10:04:50;Inconnu, Eybens;45.151447;5.733305;51.0;HAUT LE PIED;40;
22/11/23 10:04:53;Rue de Lorraine, Eybens;45.151279;5.73286;48.0;HAUT LE PIED;131;
22/11/23 10:05:03;Rue de Lorraine, Eybens;45.151192;5.7312;46.0;HAUT LE PIED;38;
22/11/23 10:05:06;Rue de Lorraine, Eybens;45.151314;5.730751;44.0;HAUT LE PIED;36;
22/11/23 10:05:09;Rue de Lorraine, Eybens;45.151505;5.730385;43.0;HAUT LE PIED;235;
22/11/23 10:05:29;Rue de Lorraine, Eybens;45.153122;5.728453;39.0;HAUT LE PIED;43;
22/11/23 10:05:33;Rue de Lorraine, Eybens;45.153236;5.727925;38.0;HAUT LE PIED;309;
22/11/23 10:06:02;Inconnu, Échirolles;45.153343;5.723994;26.0;HAUT LE PIED;19;
22/11/23 10:06:05;Inconnu, Échirolles;45.153362;5.723751;20.0;HAUT LE PIED;15;
22/11/23 10:06:08;Avenue Salvador Allende, Échirolles;45.153469;5.723631;22.0;HAUT LE PIED;80;
22/11/23 10:06:17;Avenue Salvador Allende, Échirolles;45.154171;5.723411;37.0;HAUT LE PIED;153;
22/11/23 10:06:35;Avenue Salvador Allende, Échirolles;45.155544;5.72343;29.0;HAUT LE PIED;32;
22/11/23 10:06:40;Avenue Salvador Allende, Échirolles;45.15583;5.723485;20.0;HAUT LE PIED;15;
22/11/23 10:06:43;Rue du Berry, Échirolles;45.155888;5.723314;15.0;HAUT LE PIED;82;
22/11/23 10:06:56;Rue du Berry, Échirolles;45.155819;5.72227;15.0;HAUT LE PIED;15;
22/11/23 10:06:59;Rue du Berry, Échirolles;45.155827;5.722084;17.0;HAUT LE PIED;14;
22/11/23 10:07:02;Rue du Berry, Échirolles;45.155849;5.721905;15.0;HAUT LE PIED;22;
22/11/23 10:07:33;Rue du Berry, Échirolles;45.155815;5.722186;0.0;ARRET;1;
22/11/23 10:07:46;Rue du Berry, Échirolles;45.155807;5.722201;;COLLECTE;0;
22/11/23 10:07:56;Rue du Berry, Échirolles;45.155807;5.722201;;ARRET;0;
22/11/23 10:08:08;Rue du Berry, Échirolles;45.155807;5.722201;;COLLECTE;0;
22/11/23 10:08:16;Rue du Berry, Échirolles;45.155807;5.722201;;ARRET;3;
22/11/23 10:08:24;Rue du Berry, Échirolles;45.155807;5.722239;;ARRET;23;
22/11/23 10:08:32;Rue du Berry, Échirolles;45.155834;5.722536;13.0;HAUT LE PIED;65;
22/11/23 10:08:45;Rue du Berry, Échirolles;45.1558;5.723368;12.0;HAUT LE PIED;10;
22/11/23 10:08:48;Avenue Salvador Allende, Échirolles;45.155735;5.72346;11.0;HAUT LE PIED;12;
22/11/23 10:08:51;Avenue Salvador Allende, Échirolles;45.155628;5.723446;15.0;HAUT LE PIED;26;
22/11/23 10:08:56;Avenue Salvador Allende, Échirolles;45.155407;5.723342;23.0;HAUT LE PIED;43;
22/11/23 10:09:04;Avenue Salvador Allende, Échirolles;45.155025;5.723264;;ARRET;2;
22/11/23 10:09:26;Avenue Salvador Allende, Échirolles;45.155003;5.723259;0.0;ARRET;0;
22/11/23 10:09:40;Avenue Salvador Allende, Échirolles;45.155003;5.723257;;COLLECTE;0;
22/11/23 10:09:49;Avenue Salvador Allende, Échirolles;45.155003;5.723257;;ARRET;28;
22/11/23 10:10:16;Avenue Salvador Allende, Échirolles;45.154755;5.723276;24.0;HAUT LE PIED;168;
22/11/23 10:10:34;Rue de Provence, Échirolles;45.153244;5.723387;36.0;HAUT LE PIED;31;
22/11/23 10:10:37;Avenue des FTPF, Échirolles;45.153023;5.723633;38.0;HAUT LE PIED;149;
22/11/23 10:10:51;Avenue des FTPF, Échirolles;45.1521;5.725014;38.0;HAUT LE PIED;43;
22/11/23 10:10:55;Avenue des FTPF, Échirolles;45.151726;5.725146;43.0;HAUT LE PIED;44;
22/11/23 10:10:59;Avenue des FTPF, Échirolles;45.151333;5.725041;45.0;HAUT LE PIED;119;
22/11/23 10:11:29;Avenue des FTPF, Échirolles;45.15028;5.724771;0.0;ARRET;29;
22/11/23 10:12:02;Avenue des FTPF, Échirolles;45.150024;5.724699;23.0;HAUT LE PIED;19;
22/11/23 10:12:05;Avenue des FTPF, Échirolles;45.149849;5.724705;18.0;HAUT LE PIED;26;
22/11/23 10:12:22;Avenue des FTPF, Échirolles;45.149616;5.724738;12.0;HAUT LE PIED;16;
22/11/23 10:12:25;Avenue de l'Astrolabe, Échirolles;45.149559;5.724922;22.0;HAUT LE PIED;125;
22/11/23 10:12:41;Avenue de l'Astrolabe, Échirolles;45.149361;5.726484;18.0;HAUT LE PIED;14;
22/11/23 10:12:44;Rue des Méridiens, Échirolles;45.149239;5.726487;22.0;HAUT LE PIED;18;
22/11/23 10:12:47;Inconnu, Échirolles;45.149132;5.726317;29.0;HAUT LE PIED;36;
22/11/23 10:12:52;Rue des Méridiens, Échirolles;45.148926;5.725955;25.0;HAUT LE PIED;12;
22/11/23 10:12:55;Rue des Méridiens, Échirolles;45.148815;5.72595;15.0;HAUT LE PIED;3;
22/11/23 10:12:57;Rue des Méridiens, Échirolles;45.148788;5.725959;;MARCHE ARRIERE;13;
22/11/23 10:13:11;Rue des Méridiens, Échirolles;45.148884;5.725858;;ARRET;2;
22/11/23 10:13:26;Inconnu, Échirolles;45.148903;5.72585;0.0;ARRET;1;
22/11/23 10:13:49;Inconnu, Échirolles;45.148907;5.725842;;COLLECTE;0;
22/11/23 10:13:57;Inconnu, Échirolles;45.148907;5.725842;;ARRET;0;
22/11/23 10:14:02;Inconnu, Échirolles;45.148911;5.725842;;COLLECTE;0;
22/11/23 10:14:11;Inconnu, Échirolles;45.148911;5.725842;;ARRET;0;
22/11/23 10:14:13;Inconnu, Échirolles;45.148911;5.725841;;ARRET;0;
22/11/23 10:14:15;Inconnu, Échirolles;45.148914;5.725837;;ARRET;27;
22/11/23 10:14:26;Rue des Méridiens, Échirolles;45.148708;5.726014;22.0;HAUT LE PIED;38;
22/11/23 10:14:48;Rue des Méridiens, Échirolles;45.148441;5.726323;;COLLECTE;0;
22/11/23 10:14:57;Rue des Méridiens, Échirolles;45.148441;5.726323;;ARRET;0;
22/11/23 10:15:06;Rue des Méridiens, Échirolles;45.148441;5.726323;;COLLECTE;0;
22/11/23 10:15:15;Rue des Méridiens, Échirolles;45.148441;5.726323;;ARRET;1;
22/11/23 10:15:19;Rue des Méridiens, Échirolles;45.14843;5.726324;;ARRET;25;
22/11/23 10:15:26;Rue des Méridiens, Échirolles;45.148361;5.726632;25.0;HAUT LE PIED;64;
22/11/23 10:15:36;Rue des Méridiens, Échirolles;45.148701;5.727284;9.0;HAUT LE PIED;2;
22/11/23 10:15:37;Rue des Méridiens, Échirolles;45.148716;5.727296;;ARRET;3;
22/11/23 10:15:54;Rue des Méridiens, Échirolles;45.14872;5.727329;;COLLECTE;0;
22/11/23 10:16:05;Rue des Méridiens, Échirolles;45.14872;5.727329;;ARRET;0;
22/11/23 10:16:07;Rue des Méridiens, Échirolles;45.14872;5.727329;0.0;ARRET;0;
22/11/23 10:16:10;Rue des Méridiens, Échirolles;45.14872;5.727329;;COLLECTE;0;
22/11/23 10:16:21;Rue des Méridiens, Échirolles;45.14872;5.727329;;ARRET;0;
22/11/23 10:16:25;Rue des Méridiens, Échirolles;45.14872;5.727329;;COLLECTE;0;
22/11/23 10:16:37;Rue des Méridiens, Échirolles;45.14872;5.727329;;ARRET;0;
22/11/23 10:16:40;Rue des Méridiens, Échirolles;45.14872;5.727329;;COLLECTE;0;
22/11/23 10:16:56;Rue des Méridiens, Échirolles;45.14872;5.727328;;ARRET;0;
22/11/23 10:17:00;Rue des Méridiens, Échirolles;45.14872;5.727329;;COLLECTE;1;
22/11/23 10:17:14;Rue des Méridiens, Échirolles;45.14872;5.727322;;ARRET;1;
22/11/23 10:17:17;Rue des Méridiens, Échirolles;45.14872;5.727314;;ARRET;30;
22/11/23 10:17:28;Inconnu, Échirolles;45.148956;5.727123;22.0;HAUT LE PIED;31;
22/11/23 10:17:33;Inconnu, Échirolles;45.149189;5.726914;15.0;HAUT LE PIED;19;
22/11/23 10:17:36;Place du Verseau, Échirolles;45.149357;5.726951;21.0;HAUT LE PIED;18;
22/11/23 10:17:39;Rue de l'Octant, Échirolles;45.149506;5.727049;23.0;HAUT LE PIED;66;
22/11/23 10:17:49;Rue de l'Octant, Échirolles;45.149818;5.727767;12.0;HAUT LE PIED;2;
22/11/23 10:17:51;Rue de l'Octant, Échirolles;45.14983;5.727792;;ARRET;3;
22/11/23 10:17:59;Rue de l'Octant, Échirolles;45.149853;5.727794;;COLLECTE;1;
22/11/23 10:18:07;Rue de l'Octant, Échirolles;45.149857;5.727784;;ARRET;0;
22/11/23 10:18:14;Rue de l'Octant, Échirolles;45.149857;5.727784;;COLLECTE;0;
22/11/23 10:18:20;Rue de l'Octant, Échirolles;45.149857;5.727783;;ARRET;1;
22/11/23 10:18:23;Rue de l'Octant, Échirolles;45.14986;5.727796;;ARRET;29;
22/11/23 10:18:30;Inconnu, Échirolles;45.149807;5.728157;21.0;HAUT LE PIED;17;
22/11/23 10:18:33;Inconnu, Échirolles;45.149685;5.728292;22.0;HAUT LE PIED;12;
22/11/23 10:18:36;Inconnu, Échirolles;45.149593;5.728379;;ARRET;4;
22/11/23 10:18:53;Inconnu, Échirolles;45.149624;5.728364;;COLLECTE;0;
22/11/23 10:19:02;Inconnu, Échirolles;45.14962;5.728364;;ARRET;0;
22/11/23 10:19:03;Inconnu, Échirolles;45.14962;5.728364;0.0;ARRET;0;
22/11/23 10:19:08;Inconnu, Échirolles;45.149616;5.728363;;COLLECTE;4;
22/11/23 10:19:16;Inconnu, Échirolles;45.149586;5.728341;;ARRET;0;
22/11/23 10:19:22;Inconnu, Échirolles;45.149586;5.728342;;COLLECTE;0;
22/11/23 10:19:31;Inconnu, Échirolles;45.149586;5.728342;;ARRET;30;
22/11/23 10:19:40;Inconnu, Échirolles;45.149364;5.72856;28.0;HAUT LE PIED;30;
22/11/23 10:19:44;Inconnu, Échirolles;45.149151;5.728802;20.0;HAUT LE PIED;15;
22/11/23 10:19:47;Inconnu, Échirolles;45.149162;5.728991;20.0;HAUT LE PIED;16;
22/11/23 10:19:50;Rue de l'Octant, Échirolles;45.149307;5.728991;25.0;HAUT LE PIED;65;
22/11/23 10:20:14;Rue de l'Octant, Échirolles;45.149799;5.728533;;COLLECTE;0;
22/11/23 10:20:21;Rue de l'Octant, Échirolles;45.149799;5.728533;0.0;COLLECTE;0;
22/11/23 10:20:23;Rue de l'Octant, Échirolles;45.149799;5.728533;;ARRET;0;
22/11/23 10:20:27;Rue de l'Octant, Échirolles;45.149799;5.728533;;COLLECTE;0;
22/11/23 10:20:44;Rue de l'Octant, Échirolles;45.149799;5.728533;;ARRET;0;
22/11/23 10:20:48;Rue de l'Octant, Échirolles;45.149799;5.728533;;COLLECTE;0;
22/11/23 10:21:08;Rue de l'Octant, Échirolles;45.149799;5.728534;;ARRET;0;
22/11/23 10:21:10;Rue de l'Octant, Échirolles;45.149799;5.728534;;COLLECTE;0;
22/11/23 10:21:11;Rue de l'Octant, Échirolles;45.149799;5.728534;;ARRET;0;
22/11/23 10:21:15;Rue de l'Octant, Échirolles;45.149799;5.728534;;COLLECTE;0;
22/11/23 10:21:29;Rue de l'Octant, Échirolles;45.149799;5.728534;;ARRET;0;
22/11/23 10:21:33;Rue de l'Octant, Échirolles;45.149799;5.728533;;COLLECTE;0;
22/11/23 10:21:49;Rue de l'Octant, Échirolles;45.149799;5.728533;;ARRET;0;
22/11/23 10:21:53;Rue de l'Octant, Échirolles;45.149799;5.728533;;COLLECTE;0;
22/11/23 10:22:05;Rue de l'Octant, Échirolles;45.149799;5.728533;;ARRET;0;
22/11/23 10:22:11;Rue de l'Octant, Échirolles;45.149803;5.728533;;COLLECTE;0;
22/11/23 10:22:23;Rue de l'Octant, Échirolles;45.149803;5.728532;;ARRET;0;
22/11/23 10:22:27;Rue de l'Octant, Échirolles;45.149803;5.728532;;COLLECTE;0;
22/11/23 10:22:44;Rue de l'Octant, Échirolles;45.149803;5.728533;;ARRET;0;
22/11/23 10:22:53;Rue de l'Octant, Échirolles;45.149803;5.728533;;COLLECTE;0;
22/11/23 10:23:03;Rue de l'Octant, Échirolles;45.149803;5.728532;;ARRET;0;
22/11/23 10:23:07;Rue de l'Octant, Échirolles;45.149803;5.72853;;COLLECTE;2;
22/11/23 10:23:22;Rue de l'Octant, Échirolles;45.149788;5.728539;;ARRET;0;
22/11/23 10:23:24;Rue de l'Octant, Échirolles;45.149788;5.728539;;ARRET;65;
22/11/23 10:23:39;Rue de l'Octant, Échirolles;45.14986;5.727723;;ARRET;0;
22/11/23 10:23:44;Rue de l'Octant, Échirolles;45.14986;5.727727;6.0;HAUT LE PIED;1;
22/11/23 10:23:55;Rue de l'Octant, Échirolles;45.149872;5.727724;;COLLECTE;0;
22/11/23 10:24:07;Rue de l'Octant, Échirolles;45.149872;5.727723;;ARRET;0;
22/11/23 10:24:11;Rue de l'Octant, Échirolles;45.149872;5.727723;;COLLECTE;0;
22/11/23 10:24:15;Rue de l'Octant, Échirolles;45.149872;5.727723;0.0;COLLECTE;0;
22/11/23 10:24:25;Rue de l'Octant, Échirolles;45.149872;5.727723;;ARRET;0;
22/11/23 10:24:30;Rue de l'Octant, Échirolles;45.149872;5.727723;;COLLECTE;1;
22/11/23 10:24:42;Rue de l'Octant, Échirolles;45.149879;5.727724;;ARRET;1;
22/11/23 10:24:45;Rue de l'Octant, Échirolles;45.149876;5.727711;;ARRET;16;
22/11/23 10:24:50;Rue des Tropiques, Échirolles;45.149925;5.727526;;ARRET;1;
22/11/23 10:25:19;Rue des Tropiques, Échirolles;45.149933;5.727533;;COLLECTE;0;
22/11/23 10:25:35;Rue des Tropiques, Échirolles;45.149933;5.727534;;ARRET;2;
22/11/23 10:25:41;Rue des Tropiques, Échirolles;45.149948;5.727529;;ARRET;9;
22/11/23 10:25:45;Rue des Tropiques, Échirolles;45.150017;5.727464;14.0;HAUT LE PIED;51;
22/11/23 10:25:54;Rue des Tropiques, Échirolles;45.150383;5.727078;19.0;HAUT LE PIED;16;
22/11/23 10:25:57;Rue des Tropiques, Échirolles;45.150379;5.72687;22.0;HAUT LE PIED;50;
22/11/23 10:26:06;Rue des Tropiques, Échirolles;45.150131;5.726337;;ARRET;2;
22/11/23 10:26:14;Rue des Tropiques, Échirolles;45.150146;5.726329;;COLLECTE;1;
22/11/23 10:26:21;Rue des Tropiques, Échirolles;45.150154;5.726319;;ARRET;0;
22/11/23 10:26:23;Rue des Tropiques, Échirolles;45.150154;5.726319;;ARRET;9;
22/11/23 10:26:28;Inconnu, Échirolles;45.150105;5.726233;12.0;HAUT LE PIED;17;
22/11/23 10:26:32;Rue des Tropiques, Échirolles;45.150002;5.726066;17.0;HAUT LE PIED;10;
22/11/23 10:26:35;Rue des Tropiques, Échirolles;45.150066;5.725982;10.0;HAUT LE PIED;4;
22/11/23 10:26:37;Inconnu, Échirolles;45.150085;5.725935;;ARRET;1;
22/11/23 10:27:06;Inconnu, Échirolles;45.150082;5.72595;0.0;ARRET;0;
22/11/23 10:27:14;Inconnu, Échirolles;45.150085;5.72595;;COLLECTE;0;
22/11/23 10:27:16;Inconnu, Échirolles;45.150085;5.72595;;ARRET;0;
22/11/23 10:27:18;Inconnu, Échirolles;45.150085;5.72595;;COLLECTE;0;
22/11/23 10:27:30;Inconnu, Échirolles;45.150085;5.72595;;ARRET;0;
22/11/23 10:27:46;Inconnu, Échirolles;45.150085;5.72595;;COLLECTE;0;
22/11/23 10:28:04;Inconnu, Échirolles;45.150085;5.72595;;ARRET;0;
22/11/23 10:28:11;Inconnu, Échirolles;45.150085;5.72595;;COLLECTE;0;
22/11/23 10:28:21;Inconnu, Échirolles;45.150085;5.72595;;ARRET;0;
22/11/23 10:28:27;Inconnu, Échirolles;45.150085;5.725949;;COLLECTE;0;
22/11/23 10:28:36;Inconnu, Échirolles;45.150085;5.725949;;ARRET;27;
22/11/23 10:29:19;Rue des Tropiques, Échirolles;45.150112;5.725612;16.0;HAUT LE PIED;23;
22/11/23 10:29:24;Rue des Tropiques, Échirolles;45.15012;5.725321;16.0;HAUT LE PIED;12;
22/11/23 10:29:27;Rue des Tropiques, Échirolles;45.150024;5.72525;17.0;HAUT LE PIED;11;
22/11/23 10:29:30;Rue des Tropiques, Échirolles;45.149937;5.725325;16.0;HAUT LE PIED;14;
22/11/23 10:29:33;Rue des Tropiques, Échirolles;45.149914;5.725494;18.0;HAUT LE PIED;35;
22/11/23 10:29:39;Rue des Tropiques, Échirolles;45.149895;5.725933;20.0;HAUT LE PIED;15;
22/11/23 10:29:42;Rue des Tropiques, Échirolles;45.14996;5.726103;18.0;HAUT LE PIED;14;
22/11/23 10:29:45;Rue des Tropiques, Échirolles;45.14991;5.726262;16.0;HAUT LE PIED;42;
22/11/23 10:29:52;Rue des Tropiques, Échirolles;45.14959;5.726546;22.0;HAUT LE PIED;15;
22/11/23 10:29:55;Avenue de l'Astrolabe, Échirolles;45.14946;5.726517;18.0;HAUT LE PIED;13;
22/11/23 10:29:58;Avenue de l'Astrolabe, Échirolles;45.149452;5.726349;20.0;HAUT LE PIED;107;
22/11/23 10:30:29;Avenue de l'Astrolabe, Échirolles;45.149651;5.725011;0.0;ARRET;28;
22/11/23 10:31:06;Avenue des FTPF, Échirolles;45.149551;5.724684;21.0;HAUT LE PIED;17;
22/11/23 10:31:09;Avenue des FTPF, Échirolles;45.149403;5.724613;22.0;HAUT LE PIED;27;
22/11/23 10:31:13;Allée du Parc, Échirolles;45.149174;5.724519;26.0;HAUT LE PIED;23;
22/11/23 10:31:16;Avenue des FTPF, Échirolles;45.148975;5.72445;28.0;HAUT LE PIED;90;
22/11/23 10:31:27;Avenue des FTPF, Échirolles;45.14819;5.724197;14.0;HAUT LE PIED;12;
22/11/23 10:31:30;Avenue de Grugliasco, Échirolles;45.148186;5.724044;19.0;HAUT LE PIED;32;
22/11/23 10:31:35;Avenue de Grugliasco, Échirolles;45.1483;5.723668;27.0;HAUT LE PIED;235;
22/11/23 10:32:06;Avenue de Grugliasco, Échirolles;45.149136;5.72092;0.0;ARRET;29;
22/11/23 10:32:17;Avenue de Grugliasco, Échirolles;45.149239;5.720587;27.0;HAUT LE PIED;191;
22/11/23 10:32:47;Avenue du 8 Mai 1945, Échirolles;45.149944;5.718369;0.0;ARRET;26;
22/11/23 10:33:37;Avenue de Grugliasco, Échirolles;45.15004;5.718066;22.0;HAUT LE PIED;43;
22/11/23 10:33:44;Avenue du 8 Mai 1945, Échirolles;45.150215;5.717579;18.0;HAUT LE PIED;15;
22/11/23 10:33:47;Inconnu, Échirolles;45.15028;5.717412;16.0;HAUT LE PIED;27;
22/11/23 10:34:02;Inconnu, Échirolles;45.150524;5.717392;15.0;HAUT LE PIED;51;
22/11/23 10:34:33;Inconnu, Échirolles;45.150974;5.717501;0.0;ARRET;0;
22/11/23 10:34:44;Inconnu, Échirolles;45.150974;5.717504;;COLLECTE;0;
22/11/23 10:34:52;Inconnu, Échirolles;45.150974;5.717504;;ARRET;0;
22/11/23 10:35:05;Inconnu, Échirolles;45.150978;5.717504;;COLLECTE;0;
22/11/23 10:35:13;Inconnu, Échirolles;45.150978;5.717504;;ARRET;0;
22/11/23 10:35:17;Inconnu, Échirolles;45.150978;5.717504;;COLLECTE;0;
22/11/23 10:35:27;Inconnu, Échirolles;45.150978;5.717505;;ARRET;0;
22/11/23 10:35:30;Inconnu, Échirolles;45.150978;5.717505;;COLLECTE;0;
22/11/23 10:35:44;Inconnu, Échirolles;45.150978;5.717506;;ARRET;0;
22/11/23 10:35:48;Inconnu, Échirolles;45.150978;5.717506;;COLLECTE;3;
22/11/23 10:36:07;Inconnu, Échirolles;45.151001;5.717536;;ARRET;0;
22/11/23 10:36:12;Inconnu, Échirolles;45.151001;5.717537;;COLLECTE;0;
22/11/23 10:36:22;Inconnu, Échirolles;45.151001;5.717537;;ARRET;0;
22/11/23 10:36:27;Inconnu, Échirolles;45.151001;5.717537;;COLLECTE;0;
22/11/23 10:36:35;Inconnu, Échirolles;45.151001;5.717538;;ARRET;0;
22/11/23 10:36:46;Inconnu, Échirolles;45.151001;5.717538;;COLLECTE;0;
22/11/23 10:36:54;Inconnu, Échirolles;45.151005;5.717537;;ARRET;25;
22/11/23 10:37:48;Inconnu, Échirolles;45.151089;5.717836;;COLLECTE;0;
22/11/23 10:37:56;Inconnu, Échirolles;45.151089;5.717836;;ARRET;0;
22/11/23 10:38:05;Inconnu, Échirolles;45.151089;5.717836;;COLLECTE;0;
22/11/23 10:38:29;Inconnu, Échirolles;45.151089;5.717836;;ARRET;0;
22/11/23 10:38:36;Inconnu, Échirolles;45.151089;5.717837;;COLLECTE;0;
22/11/23 10:38:45;Inconnu, Échirolles;45.151089;5.717837;;ARRET;0;
22/11/23 10:38:58;Inconnu, Échirolles;45.151089;5.717838;;COLLECTE;0;
22/11/23 10:39:13;Inconnu, Échirolles;45.151089;5.717839;;ARRET;0;
22/11/23 10:39:17;Inconnu, Échirolles;45.151089;5.717839;;COLLECTE;0;
22/11/23 10:39:25;Inconnu, Échirolles;45.151089;5.717839;;ARRET;0;
22/11/23 10:39:39;Inconnu, Échirolles;45.151089;5.71784;;COLLECTE;0;
22/11/23 10:39:52;Inconnu, Échirolles;45.151089;5.71784;;ARRET;0;
22/11/23 10:39:56;Inconnu, Échirolles;45.151089;5.71784;;COLLECTE;0;
22/11/23 10:40:08;Inconnu, Échirolles;45.151089;5.717841;;ARRET;0;
22/11/23 10:40:12;Inconnu, Échirolles;45.151089;5.717841;;COLLECTE;0;
22/11/23 10:40:25;Avenue du 8 Mai 1945, Échirolles;45.151089;5.717843;;ARRET;0;
22/11/23 10:40:32;Avenue du 8 Mai 1945, Échirolles;45.151093;5.717845;;ARRET;61;
22/11/23 10:40:47;Inconnu, Échirolles;45.151638;5.717869;22.0;HAUT LE PIED;17;
22/11/23 10:40:50;Inconnu, Échirolles;45.15176;5.71774;17.0;HAUT LE PIED;14;
22/11/23 10:40:55;Inconnu, Échirolles;45.151833;5.717594;;ARRET;0;
22/11/23 10:41:14;Inconnu, Échirolles;45.151836;5.717593;;COLLECTE;0;
22/11/23 10:41:20;Inconnu, Échirolles;45.151836;5.717592;0.0;COLLECTE;0;
22/11/23 10:41:25;Inconnu, Échirolles;45.151836;5.717592;;ARRET;0;
22/11/23 10:41:31;Inconnu, Échirolles;45.151836;5.717592;;COLLECTE;0;
22/11/23 10:41:45;Inconnu, Échirolles;45.151836;5.717593;;ARRET;0;
22/11/23 10:41:50;Inconnu, Échirolles;45.151836;5.717593;;COLLECTE;0;
22/11/23 10:42:01;Inconnu, Échirolles;45.151836;5.717593;;ARRET;0;
22/11/23 10:42:07;Inconnu, Échirolles;45.151836;5.717593;;COLLECTE;2;
22/11/23 10:42:23;Inconnu, Échirolles;45.151844;5.717617;;ARRET;3;
22/11/23 10:42:30;Inconnu, Échirolles;45.151859;5.717583;;ARRET;23;
22/11/23 10:42:36;Inconnu, Échirolles;45.151981;5.717346;20.0;HAUT LE PIED;19;
22/11/23 10:42:41;Inconnu, Échirolles;45.152058;5.717137;;ARRET;2;
22/11/23 10:43:02;Inconnu, Échirolles;45.152077;5.717138;;COLLECTE;1;
22/11/23 10:43:07;Inconnu, Échirolles;45.152073;5.717144;0.0;COLLECTE;0;
22/11/23 10:43:08;Inconnu, Échirolles;45.152073;5.717144;;ARRET;0;
22/11/23 10:43:14;Inconnu, Échirolles;45.152073;5.717145;;COLLECTE;0;
22/11/23 10:43:23;Inconnu, Échirolles;45.152073;5.717145;;ARRET;0;
22/11/23 10:43:30;Inconnu, Échirolles;45.152073;5.717145;;COLLECTE;0;
22/11/23 10:43:40;Inconnu, Échirolles;45.152073;5.717145;;ARRET;2;
22/11/23 10:43:46;Inconnu, Échirolles;45.152084;5.717122;;ARRET;28;
22/11/23 10:43:54;Inconnu, Échirolles;45.152138;5.716768;23.0;HAUT LE PIED;67;
22/11/23 10:44:05;Inconnu, Échirolles;45.15218;5.715918;9.0;HAUT LE PIED;7;
22/11/23 10:44:08;Inconnu, Échirolles;45.152153;5.715842;9.0;HAUT LE PIED;13;
22/11/23 10:44:11;Rue Fernand Pelloutier, Échirolles;45.152046;5.715791;18.0;HAUT LE PIED;26;
22/11/23 10:44:18;Rue Fernand Pelloutier, Échirolles;45.151817;5.715705;;ARRET;2;
22/11/23 10:44:27;Rue Fernand Pelloutier, Échirolles;45.151817;5.715684;;COLLECTE;0;
22/11/23 10:44:37;Rue Fernand Pelloutier, Échirolles;45.151817;5.715686;;ARRET;1;
22/11/23 10:44:41;Rue Fernand Pelloutier, Échirolles;45.15181;5.715684;;ARRET;45;
22/11/23 10:44:56;Rue Fernand Pelloutier, Échirolles;45.151421;5.715542;;ARRET;2;
22/11/23 10:45:18;Rue Fernand Pelloutier, Échirolles;45.151421;5.715511;;COLLECTE;0;
22/11/23 10:45:38;Rue Fernand Pelloutier, Échirolles;45.151421;5.71551;;ARRET;0;
22/11/23 10:45:47;Rue Fernand Pelloutier, Échirolles;45.151417;5.715511;;COLLECTE;1;
22/11/23 10:46:03;Rue Fernand Pelloutier, Échirolles;45.151428;5.715504;;ARRET;1;
22/11/23 10:46:06;Rue Fernand Pelloutier, Échirolles;45.151424;5.715499;;ARRET;2;
22/11/23 10:46:07;Rue Fernand Pelloutier, Échirolles;45.151409;5.715494;7.0;HAUT LE PIED;40;
22/11/23 10:46:20;Rue Fernand Pelloutier, Échirolles;45.151066;5.715363;10.0;HAUT LE PIED;11;
22/11/23 10:46:23;Inconnu, Échirolles;45.15102;5.715484;14.0;HAUT LE PIED;64;
22/11/23 10:46:35;Inconnu, Échirolles;45.150894;5.716282;10.0;HAUT LE PIED;7;
22/11/23 10:46:38;Inconnu, Échirolles;45.150841;5.716317;8.0;HAUT LE PIED;5;
22/11/23 10:46:42;Inconnu, Échirolles;45.150799;5.716302;;ARRET;0;
22/11/23 10:46:44;Inconnu, Échirolles;45.150799;5.716304;;MARCHE ARRIERE;3;
22/11/23 10:46:50;Inconnu, Échirolles;45.150826;5.716316;;ARRET;3;
22/11/23 10:47:02;Inconnu, Échirolles;45.150856;5.716321;;COLLECTE;0;
22/11/23 10:47:09;Inconnu, Échirolles;45.150856;5.716322;0.0;COLLECTE;0;
22/11/23 10:47:16;Inconnu, Échirolles;45.150856;5.716322;;ARRET;0;
22/11/23 10:47:22;Inconnu, Échirolles;45.150856;5.716322;;COLLECTE;0;
22/11/23 10:47:39;Inconnu, Échirolles;45.150856;5.716322;;ARRET;0;
22/11/23 10:47:45;Inconnu, Échirolles;45.150852;5.716323;;COLLECTE;0;
22/11/23 10:47:54;Inconnu, Échirolles;45.150852;5.716323;;ARRET;1;
22/11/23 10:48:01;Inconnu, Échirolles;45.150848;5.716312;;COLLECTE;2;
22/11/23 10:48:17;Inconnu, Échirolles;45.150841;5.71629;;ARRET;0;
22/11/23 10:48:34;Inconnu, Échirolles;45.150841;5.71629;;COLLECTE;0;
22/11/23 10:48:50;Inconnu, Échirolles;45.150841;5.71629;;ARRET;0;
22/11/23 10:48:56;Inconnu, Échirolles;45.150837;5.71629;;COLLECTE;3;
22/11/23 10:49:10;Inconnu, Échirolles;45.150806;5.716288;;ARRET;22;
22/11/23 10:49:41;Inconnu, Échirolles;45.150787;5.716014;17.0;HAUT LE PIED;16;
22/11/23 10:49:45;Inconnu, Échirolles;45.150826;5.715824;11.0;HAUT LE PIED;12;
22/11/23 10:49:49;Inconnu, Échirolles;45.150932;5.715843;10.0;HAUT LE PIED;10;
22/11/23 10:49:52;Inconnu, Échirolles;45.15102;5.715818;15.0;HAUT LE PIED;12;
22/11/23 10:49:55;Inconnu, Échirolles;45.151039;5.715666;15.0;HAUT LE PIED;22;
22/11/23 10:50:02;Rue Fernand Pelloutier, Échirolles;45.151047;5.715391;13.0;HAUT LE PIED;9;
22/11/23 10:50:05;Rue Fernand Pelloutier, Échirolles;45.150978;5.71532;10.0;HAUT LE PIED;19;
22/11/23 10:50:10;Rue Fernand Pelloutier, Échirolles;45.15081;5.715307;16.0;HAUT LE PIED;14;
22/11/23 10:50:13;Avenue de Grugliasco, Échirolles;45.150738;5.715456;16.0;HAUT LE PIED;159;
22/11/23 10:50:33;Avenue de Grugliasco, Échirolles;45.150124;5.717287;33.0;HAUT LE PIED;20;
22/11/23 10:50:36;Avenue du 8 Mai 1945, Échirolles;45.150032;5.717502;16.0;HAUT LE PIED;13;
22/11/23 10:50:39;Avenue du 8 Mai 1945, Échirolles;45.149982;5.717649;11.0;HAUT LE PIED;10;
22/11/23 10:50:42;Avenue du 8 Mai 1945, Échirolles;45.14991;5.717735;12.0;HAUT LE PIED;24;
22/11/23 10:50:46;Avenue du 8 Mai 1945, Échirolles;45.149715;5.717857;25.0;HAUT LE PIED;40;
22/11/23 10:50:51;Inconnu, Échirolles;45.149357;5.717888;30.0;HAUT LE PIED;125;
22/11/23 10:51:04;Inconnu, Échirolles;45.148251;5.717613;32.0;HAUT LE PIED;88;
22/11/23 10:51:34;Avenue du 8 Mai 1945, Échirolles;45.147472;5.717402;17.0;HAUT LE PIED;52;
22/11/23 10:52:04;Avenue du 8 Mai 1945, Échirolles;45.147015;5.717292;24.0;HAUT LE PIED;197;
22/11/23 10:52:35;Avenue du 8 Mai 1945, Échirolles;45.14529;5.716744;24.0;HAUT LE PIED;253;
22/11/23 10:53:06;Avenue du 8 Mai 1945, Échirolles;45.143173;5.715567;27.0;HAUT LE PIED;242;
22/11/23 10:53:36;Avenue du Général de Gaulle, Échirolles;45.141151;5.714447;9.0;HAUT LE PIED;8;
22/11/23 10:54:07;Avenue du Général de Gaulle, Échirolles;45.141087;5.714395;0.0;ARRET;27;
22/11/23 10:54:32;Rue Galilée, Échirolles;45.140854;5.714288;17.0;HAUT LE PIED;14;
22/11/23 10:54:35;Rue Galilée, Échirolles;45.140739;5.714365;17.0;HAUT LE PIED;79;
22/11/23 10:54:53;Rue Galilée, Échirolles;45.140308;5.715168;14.0;HAUT LE PIED;14;
22/11/23 10:54:56;Rue Galilée, Échirolles;45.140182;5.715188;18.0;HAUT LE PIED;72;
22/11/23 10:55:07;Rue Galilée, Échirolles;45.139538;5.71517;16.0;HAUT LE PIED;34;
22/11/23 10:55:11;Rue Galilée, Échirolles;45.139229;5.715162;29.0;HAUT LE PIED;50;
22/11/23 10:55:42;Rue Galilée, Échirolles;45.138779;5.715134;0.0;ARRET;0;
22/11/23 10:55:57;Rue Galilée, Échirolles;45.138779;5.715133;;COLLECTE;0;
22/11/23 10:56:06;Rue Galilée, Échirolles;45.138779;5.715133;;ARRET;28;
22/11/23 10:56:33;Rue Galilée, Échirolles;45.138527;5.715107;18.0;HAUT LE PIED;74;
22/11/23 10:56:56;Rue Galilée, Échirolles;45.137859;5.715097;9.0;HAUT LE PIED;14;
22/11/23 10:57:03;Rue Denis Papin, Échirolles;45.137791;5.714954;8.0;HAUT LE PIED;11;
22/11/23 10:57:06;Rue Denis Papin, Échirolles;45.137821;5.714818;17.0;HAUT LE PIED;129;
22/11/23 10:57:25;Rue Denis Papin, Échirolles;45.137943;5.713179;10.0;HAUT LE PIED;28;
22/11/23 10:57:47;Avenue du Général de Gaulle, Échirolles;45.138035;5.712847;14.0;HAUT LE PIED;10;
22/11/23 10:57:50;Avenue du Général de Gaulle, Échirolles;45.138126;5.71286;13.0;HAUT LE PIED;221;
22/11/23 10:58:16;Avenue du Général de Gaulle, Échirolles;45.139973;5.713884;18.0;HAUT LE PIED;16;
22/11/23 10:58:19;Avenue du Général de Gaulle, Échirolles;45.140083;5.713757;22.0;HAUT LE PIED;215;
22/11/23 10:58:41;Rue Auguste Delaune, Échirolles;45.140865;5.711248;39.0;HAUT LE PIED;99;
22/11/23 10:58:50;Rue Jean-Pierre Timbaud, Échirolles;45.141315;5.710158;37.0;HAUT LE PIED;97;
22/11/23 10:59:00;Rue Jean-Pierre Timbaud, Échirolles;45.14196;5.709329;34.0;HAUT LE PIED;81;
22/11/23 10:59:28;Rue Jean-Pierre Timbaud, Échirolles;45.142601;5.708837;13.0;HAUT LE PIED;12;
22/11/23 10:59:31;Rue de la Paix, Échirolles;45.142578;5.708685;17.0;HAUT LE PIED;16;
22/11/23 10:59:34;Rue de la Paix, Échirolles;45.142445;5.708609;25.0;HAUT LE PIED;83;
22/11/23 10:59:44;Rue de la Paix, Échirolles;45.14172;5.708362;28.0;HAUT LE PIED;20;
22/11/23 10:59:47;Rue de la Paix, Échirolles;45.141544;5.708323;18.0;HAUT LE PIED;10;
22/11/23 11:00:07;Rue de la Paix, Échirolles;45.141457;5.708297;;COLLECTE;0;
22/11/23 11:00:17;Rue de la Paix, Échirolles;45.141457;5.708297;0.0;COLLECTE;0;
22/11/23 11:00:23;Rue de la Paix, Échirolles;45.141457;5.708297;;ARRET;0;
22/11/23 11:00:27;Rue de la Paix, Échirolles;45.141457;5.708297;;COLLECTE;0;
22/11/23 11:00:34;Rue de la Paix, Échirolles;45.141457;5.708297;;ARRET;0;
22/11/23 11:00:37;Rue de la Paix, Échirolles;45.141457;5.708297;;COLLECTE;0;
22/11/23 11:00:46;Rue de la Paix, Échirolles;45.141457;5.708297;;ARRET;0;
22/11/23 11:00:50;Rue de la Paix, Échirolles;45.141457;5.708297;;COLLECTE;0;
22/11/23 11:00:57;Rue de la Paix, Échirolles;45.141457;5.708297;;ARRET;28;
22/11/23 11:01:32;Rue de la Paix, Échirolles;45.141697;5.708423;30.0;HAUT LE PIED;34;
22/11/23 11:01:36;Rue de la Paix, Échirolles;45.141998;5.708473;30.0;HAUT LE PIED;74;
22/11/23 11:01:44;Rue Jean-Pierre Timbaud, Échirolles;45.142624;5.70878;29.0;HAUT LE PIED;20;
22/11/23 11:01:47;Rue de la Paix, Échirolles;45.142799;5.708838;25.0;HAUT LE PIED;87;
22/11/23 11:01:57;Rue Jean-Pierre Timbaud, Échirolles;45.143536;5.708468;24.0;HAUT LE PIED;19;
22/11/23 11:02:00;Rue d'Oran, Échirolles;45.143612;5.708251;24.0;HAUT LE PIED;81;
22/11/23 11:02:10;Rue d'Oran, Échirolles;45.143459;5.70724;25.0;HAUT LE PIED;159;
22/11/23 11:02:33;Rue d'Oran, Échirolles;45.143852;5.705297;11.0;HAUT LE PIED;12;
22/11/23 11:02:36;Rue Léon Fournier Sud, Le Pont-de-Claix;45.143764;5.705212;16.0;HAUT LE PIED;109;
22/11/23 11:03:07;Rue Léon Fournier Sud, Le Pont-de-Claix;45.142822;5.704846;0.0;ARRET;1;
22/11/23 11:03:12;Rue Léon Fournier Sud, Le Pont-de-Claix;45.142815;5.704839;;ARRET;1;
22/11/23 11:03:15;Rue Léon Fournier Sud, Le Pont-de-Claix;45.142822;5.704833;;ARRET;29;
22/11/23 11:03:30;Rue Léon Fournier Sud, Le Pont-de-Claix;45.142567;5.704743;25.0;HAUT LE PIED;51;
22/11/23 11:03:37;Rue Léon Fournier Sud, Le Pont-de-Claix;45.142117;5.704594;22.0;HAUT LE PIED;18;
22/11/23 11:03:41;Rue Léon Fournier Sud, Le Pont-de-Claix;45.141972;5.704503;12.0;HAUT LE PIED;8;
22/11/23 11:03:44;Rue Léon Fournier Sud, Le Pont-de-Claix;45.141903;5.704541;9.0;HAUT LE PIED;7;
22/11/23 11:03:48;Rue Léon Fournier Sud, Le Pont-de-Claix;45.141907;5.704628;;MARCHE ARRIERE;3;
22/11/23 11:03:57;Rue Léon Fournier Sud, Le Pont-de-Claix;45.141926;5.7046;;ARRET;25;
22/11/23 11:04:09;Rue Léon Fournier Sud, Le Pont-de-Claix;45.142143;5.704697;25.0;HAUT LE PIED;190;
22/11/23 11:04:39;Rue d'Oran, Échirolles;45.143799;5.705279;0.0;ARRET;217;
22/11/23 11:05:12;Avenue Auguste Ferrier, Échirolles;45.145695;5.70594;9.0;HAUT LE PIED;10;
22/11/23 11:05:15;Rue Léon Fournier, Échirolles;45.145779;5.705901;17.0;HAUT LE PIED;17;
22/11/23 11:05:18;Avenue Auguste Ferrier, Échirolles;45.14584;5.705701;22.0;HAUT LE PIED;50;
22/11/23 11:05:25;Cours Jean Jaurès, Échirolles;45.145985;5.705101;20.0;HAUT LE PIED;16;
22/11/23 11:05:28;Cours Jean Jaurès, Échirolles;45.146118;5.70503;22.0;HAUT LE PIED;209;
22/11/23 11:05:50;Cours Jean Jaurès, Échirolles;45.147942;5.705655;15.0;HAUT LE PIED;280;
22/11/23 11:06:20;Cours Jean Jaurès, Échirolles;45.150383;5.706501;40.0;HAUT LE PIED;185;
22/11/23 11:06:48;Cours Jean Jaurès, Échirolles;45.15202;5.706945;12.0;HAUT LE PIED;12;
22/11/23 11:06:51;Avenue du Grésivaudan, Échirolles;45.152016;5.70679;18.0;HAUT LE PIED;16;
22/11/23 11:06:54;Avenue du Grésivaudan, Échirolles;45.152039;5.70659;25.0;HAUT LE PIED;128;
22/11/23 11:07:10;Avenue du Grésivaudan, Échirolles;45.152321;5.705013;18.0;HAUT LE PIED;12;
22/11/23 11:07:13;Allée Ronsard, Échirolles;45.152351;5.704868;11.0;HAUT LE PIED;5;
22/11/23 11:07:17;Allée Ronsard, Échirolles;45.152344;5.704801;;MARCHE ARRIERE;7;
22/11/23 11:07:37;Allée Ronsard, Échirolles;45.152336;5.704889;;ARRET;1;
22/11/23 11:07:44;Allée Ronsard, Échirolles;45.152325;5.704887;0.0;ARRET;1;
22/11/23 11:08:00;Allée Ronsard, Échirolles;45.152328;5.704877;;COLLECTE;0;
22/11/23 11:08:10;Allée Ronsard, Échirolles;45.152328;5.704876;;ARRET;28;
22/11/23 11:08:36;Avenue du Grésivaudan, Échirolles;45.152225;5.7052;19.0;HAUT LE PIED;16;
22/11/23 11:08:40;Avenue du Grésivaudan, Échirolles;45.15218;5.705398;10.0;HAUT LE PIED;9;
22/11/23 11:08:43;Inconnu, Échirolles;45.1521;5.705405;13.0;HAUT LE PIED;68;
22/11/23 11:08:54;Inconnu, Échirolles;45.151497;5.705252;21.0;HAUT LE PIED;16;
22/11/23 11:08:57;Inconnu, Échirolles;45.151421;5.705424;22.0;HAUT LE PIED;55;
22/11/23 11:09:06;Inconnu, Échirolles;45.151295;5.706099;16.0;HAUT LE PIED;13;
22/11/23 11:09:09;Inconnu, Échirolles;45.15118;5.70615;17.0;HAUT LE PIED;55;
22/11/23 11:09:17;Inconnu, Échirolles;45.1507;5.705972;26.0;HAUT LE PIED;20;
22/11/23 11:09:20;Inconnu, Échirolles;45.150551;5.706114;21.0;HAUT LE PIED;14;
22/11/23 11:09:23;Cours Jean Jaurès, Échirolles;45.15044;5.706203;15.0;HAUT LE PIED;14;
22/11/23 11:09:26;Cours Jean Jaurès, Échirolles;45.150311;5.70618;20.0;HAUT LE PIED;30;
22/11/23 11:09:31;Cours Jean Jaurès, Échirolles;45.150059;5.706056;20.0;HAUT LE PIED;14;
22/11/23 11:09:34;Rue Henri Barbusse, Échirolles;45.150051;5.705879;21.0;HAUT LE PIED;38;
22/11/23 11:09:40;Rue Henri Barbusse, Échirolles;45.15012;5.705399;21.0;HAUT LE PIED;12;
22/11/23 11:09:43;Rue Raymond Lefebvre, Échirolles;45.150055;5.705276;18.0;HAUT LE PIED;19;
22/11/23 11:09:46;Rue Raymond Lefebvre, Échirolles;45.149891;5.705198;26.0;HAUT LE PIED;26;
22/11/23 11:09:50;Rue Raymond Lefebvre, Échirolles;45.14967;5.705108;20.0;HAUT LE PIED;18;
22/11/23 11:09:54;Rue Raymond Lefebvre, Échirolles;45.149525;5.705015;10.0;HAUT LE PIED;6;
22/11/23 11:09:58;Rue Raymond Lefebvre, Échirolles;45.149529;5.704938;;MARCHE ARRIERE;13;
22/11/23 11:10:11;Rue Raymond Lefebvre, Échirolles;45.149574;5.705089;;ARRET;2;
22/11/23 11:10:25;Rue Raymond Lefebvre, Échirolles;45.14959;5.705075;0.0;ARRET;3;
22/11/23 11:10:34;Rue Raymond Lefebvre, Échirolles;45.149616;5.70508;;COLLECTE;1;
22/11/23 11:10:49;Rue Raymond Lefebvre, Échirolles;45.14962;5.705064;;ARRET;0;
22/11/23 11:10:54;Rue Raymond Lefebvre, Échirolles;45.14962;5.705065;;ARRET;24;
22/11/23 11:11:03;Rue Raymond Lefebvre, Échirolles;45.149632;5.704755;19.0;HAUT LE PIED;52;
22/11/23 11:11:13;Rue Raymond Lefebvre, Échirolles;45.149708;5.704098;;ARRET;3;
22/11/23 11:11:34;Rue Raymond Lefebvre, Échirolles;45.149723;5.704128;0.0;ARRET;27;
22/11/23 11:11:49;Rue Raymond Lefebvre, Échirolles;45.149734;5.70378;21.0;HAUT LE PIED;168;
22/11/23 11:12:20;Rue Georges Bruyère, Échirolles;45.149986;5.701666;7.0;HAUT LE PIED;28;
22/11/23 11:12:32;Rue Georges Bruyère, Échirolles;45.149754;5.701544;18.0;HAUT LE PIED;64;
22/11/23 11:12:50;Rue Georges Bruyère, Échirolles;45.149181;5.701431;10.0;HAUT LE PIED;9;
22/11/23 11:12:53;Avenue Paul Vaillant Couturier, Échirolles;45.149124;5.701514;11.0;HAUT LE PIED;6;
22/11/23 11:13:23;Avenue Paul Vaillant Couturier, Échirolles;45.149124;5.701595;0.0;ARRET;26;
22/11/23 11:13:31;Avenue Danielle Casanova, Échirolles;45.148926;5.701761;15.0;HAUT LE PIED;265;
22/11/23 11:14:02;Avenue Danielle Casanova, Échirolles;45.14658;5.701211;22.0;HAUT LE PIED;300;
22/11/23 11:14:32;Avenue Danielle Casanova, Échirolles;45.14394;5.700451;37.0;HAUT LE PIED;158;
22/11/23 11:15:03;Avenue Danielle Casanova, Échirolles;45.14259;5.699811;0.0;ARRET;1;
22/11/23 11:15:21;Avenue Danielle Casanova, Échirolles;45.142593;5.699821;;COLLECTE;0;
22/11/23 11:15:29;Avenue Danielle Casanova, Échirolles;45.142593;5.699821;;ARRET;6;
22/11/23 11:15:49;Avenue Danielle Casanova, Échirolles;45.142548;5.699872;;MARCHE ARRIERE;10;
22/11/23 11:16:10;Rue Hector Berlioz, Échirolles;45.142624;5.699797;;ARRET;27;
22/11/23 11:16:29;Avenue Danielle Casanova, Échirolles;45.142818;5.700006;19.0;HAUT LE PIED;204;
22/11/23 11:16:57;Danielle Casanova, Échirolles;45.144573;5.700761;30.0;HAUT LE PIED;172;
22/11/23 11:17:16;Inconnu, Échirolles;45.146088;5.701225;32.0;HAUT LE PIED;177;
22/11/23 11:17:47;Avenue Danielle Casanova, Échirolles;45.147663;5.701572;36.0;HAUT LE PIED;154;
22/11/23 11:18:09;Avenue Danielle Casanova, Échirolles;45.149029;5.701863;23.0;HAUT LE PIED;18;
22/11/23 11:18:12;Avenue Paul Vaillant Couturier, Échirolles;45.149136;5.701694;23.0;HAUT LE PIED;98;
22/11/23 11:18:43;Inconnu, Échirolles;45.149418;5.700512;17.0;HAUT LE PIED;103;
22/11/23 11:19:02;Avenue André Donini, Échirolles;45.149727;5.699271;35.0;HAUT LE PIED;86;
22/11/23 11:19:11;Inconnu, Échirolles;45.149864;5.698191;33.0;HAUT LE PIED;23;
22/11/23 11:19:14;Inconnu, Échirolles;45.150005;5.697974;27.0;HAUT LE PIED;40;
22/11/23 11:19:19;Inconnu, Échirolles;45.150337;5.697764;33.0;HAUT LE PIED;167;
22/11/23 11:19:33;Inconnu, Échirolles;45.151836;5.697712;47.0;HAUT LE PIED;170;
22/11/23 11:19:44;A 480, Échirolles;45.153301;5.698346;63.0;HAUT LE PIED;448;
22/11/23 11:20:06;Échangeur du Rondeau, Échirolles;45.157059;5.7004;71.0;HAUT LE PIED;87;
22/11/23 11:20:11;Échangeur du Rondeau, Grenoble;45.157639;5.701144;63.0;HAUT LE PIED;102;
22/11/23 11:20:18;Échangeur du Rondeau, Grenoble;45.158054;5.702306;40.0;HAUT LE PIED;35;
22/11/23 11:20:22;Échangeur du Rondeau, Grenoble;45.158226;5.70268;27.0;HAUT LE PIED;160;
22/11/23 11:20:40;Rocade Sud, Grenoble;45.158566;5.704666;42.0;HAUT LE PIED;162;
22/11/23 11:20:56;Rue du Tremblay, Grenoble;45.158573;5.706728;24.0;HAUT LE PIED;28;
22/11/23 11:21:00;Rue du Tremblay, Grenoble;45.15852;5.707076;28.0;HAUT LE PIED;176;
22/11/23 11:21:14;Inconnu, Grenoble;45.15839;5.709312;57.0;HAUT LE PIED;108;
22/11/23 11:21:21;Carrefour du Rondeau, Échirolles;45.158024;5.710588;54.0;HAUT LE PIED;114;
22/11/23 11:21:29;Carrefour du Rondeau, Échirolles;45.157413;5.71175;54.0;HAUT LE PIED;164;
22/11/23 11:21:39;Rocade Sud, Échirolles;45.156269;5.713059;63.0;HAUT LE PIED;443;
22/11/23 11:22:00;Rocade Sud, Échirolles;45.153065;5.716419;88.0;HAUT LE PIED;99;
22/11/23 11:22:04;Rocade Sud, Échirolles;45.152496;5.717396;90.0;HAUT LE PIED;148;
22/11/23 11:22:10;Rocade Sud, Échirolles;45.15197;5.719128;89.0;HAUT LE PIED;609;
22/11/23 11:22:35;Rocade Sud, Échirolles;45.150681;5.726668;87.0;HAUT LE PIED;237;
22/11/23 11:22:45;Rocade Sud, Échirolles;45.150551;5.729677;83.0;HAUT LE PIED;305;
22/11/23 11:22:58;Inconnu, Eybens;45.15078;5.73355;81.0;HAUT LE PIED;262;
22/11/23 11:23:09;Rocade Sud, Eybens;45.151344;5.736788;85.0;HAUT LE PIED;262;
22/11/23 11:23:20;Rocade Sud, Eybens;45.152241;5.739874;86.0;HAUT LE PIED;292;
22/11/23 11:23:32;Rocade Sud, Eybens;45.153587;5.743069;88.0;HAUT LE PIED;295;
22/11/23 11:23:44;Rocade Sud, Eybens;45.155247;5.746005;87.0;HAUT LE PIED;220;
22/11/23 11:23:53;Rocade Sud, Saint-Martin-d'Hères;45.1567;5.747906;88.0;HAUT LE PIED;680;
22/11/23 11:24:23;Rocade Sud, Saint-Martin-d'Hères;45.161549;5.753188;78.0;HAUT LE PIED;499;
22/11/23 11:24:46;Rocade Sud, Saint-Martin-d'Hères;45.165138;5.757006;77.0;HAUT LE PIED;371;
22/11/23 11:25:03;Rocade Sud, Saint-Martin-d'Hères;45.167946;5.75955;81.0;HAUT LE PIED;498;
22/11/23 11:25:24;Rocade Sud, Saint-Martin-d'Hères;45.171665;5.763083;89.0;HAUT LE PIED;442;
22/11/23 11:25:42;Rocade Sud, Saint-Martin-d'Hères;45.174641;5.766819;87.0;HAUT LE PIED;387;
22/11/23 11:25:58;Rocade Sud, Saint-Martin-d'Hères;45.1768;5.770691;85.0;HAUT LE PIED;530;
22/11/23 11:26:22;Rocade Sud, Saint-Martin-d'Hères;45.179684;5.776066;86.0;HAUT LE PIED;240;
22/11/23 11:26:32;Rocade Sud, Saint-Martin-d'Hères;45.181278;5.778122;84.0;HAUT LE PIED;222;
22/11/23 11:26:41;Rocade Sud, Saint-Martin-d'Hères;45.182949;5.779663;87.0;HAUT LE PIED;225;
22/11/23 11:26:50;Rocade Sud, Gières;45.18478;5.780871;89.0;HAUT LE PIED;245;
22/11/23 11:27:00;Rocade Sud, Gières;45.186901;5.7817;88.0;HAUT LE PIED;246;
22/11/23 11:27:10;Rocade Sud, Gières;45.189102;5.782047;88.0;HAUT LE PIED;541;
22/11/23 11:27:32;Rocade Sud, Meylan;45.193966;5.782156;89.0;HAUT LE PIED;221;
22/11/23 11:27:41;Rocade Sud, Meylan;45.195938;5.781814;86.0;HAUT LE PIED;318;
22/11/23 11:27:54;Rocade Sud, Meylan;45.198689;5.780719;87.0;HAUT LE PIED;120;
22/11/23 11:27:59;Rocade Sud, Meylan;45.199768;5.780749;88.0;HAUT LE PIED;147;
22/11/23 11:28:05;Rocade Sud, Meylan;45.201023;5.781329;88.0;HAUT LE PIED;526;
22/11/23 11:28:29;Rocade Sud, Meylan;45.205383;5.783907;53.0;HAUT LE PIED;43;
22/11/23 11:28:32;Rocade Sud, Meylan;45.205627;5.784332;48.0;HAUT LE PIED;37;
22/11/23 11:28:35;Rocade Sud, Meylan;45.205738;5.784771;42.0;HAUT LE PIED;33;
22/11/23 11:28:38;Rocade Sud, Meylan;45.205681;5.785182;40.0;HAUT LE PIED;32;
22/11/23 11:28:41;Rocade Sud, Meylan;45.205475;5.785458;40.0;HAUT LE PIED;31;
22/11/23 11:28:44;Rocade Sud, Meylan;45.205196;5.785515;35.0;HAUT LE PIED;34;
22/11/23 11:28:47;Rocade Sud, Meylan;45.20496;5.785243;42.0;HAUT LE PIED;35;
22/11/23 11:28:50;Rocade Sud, Meylan;45.204845;5.784823;46.0;HAUT LE PIED;401;
22/11/23 11:29:13;A 41, Meylan;45.204025;5.779839;77.0;HAUT LE PIED;749;
22/11/23 11:29:44;A 41, Meylan;45.202671;5.770486;88.0;HAUT LE PIED;684;
22/11/23 11:30:12;A 41, Meylan;45.201378;5.76196;83.0;HAUT LE PIED;205;
22/11/23 11:30:42;A 41s, Meylan;45.200886;5.759438;0.0;ARRET;27;
22/11/23 11:30:57;A 41s, Meylan;45.200874;5.759093;24.0;HAUT LE PIED;35;
22/11/23 11:31:03;Avenue de Verdun, Meylan;45.200851;5.758643;20.0;HAUT LE PIED;14;
22/11/23 11:31:06;Inconnu, La Tronche;45.200764;5.758516;15.0;HAUT LE PIED;12;
22/11/23 11:31:09;Inconnu, La Tronche;45.200661;5.758486;14.0;HAUT LE PIED;9;
22/11/23 11:31:40;Inconnu, La Tronche;45.200592;5.758547;0.0;ARRET;29;
22/11/23 11:32:01;Avenue de Verdun, La Tronche;45.200459;5.758863;26.0;HAUT LE PIED;48;
22/11/23 11:32:07;Chemin de la Tuilerie, La Tronche;45.200214;5.75937;27.0;HAUT LE PIED;62;
22/11/23 11:32:16;Chemin de la Tuilerie, La Tronche;45.199776;5.75985;13.0;HAUT LE PIED;14;
22/11/23 11:32:19;Chemin de la Tuilerie, La Tronche;45.199654;5.759815;18.0;HAUT LE PIED;34;
22/11/23 11:32:24;Chemin de la Tuilerie, La Tronche;45.199398;5.759581;27.0;HAUT LE PIED;25;
22/11/23 11:32:27;Inconnu, La Tronche;45.199265;5.759326;31.0;HAUT LE PIED;123;
22/11/23 11:32:42;Inconnu, La Tronche;45.198826;5.757888;22.0;HAUT LE PIED;38;
22/11/23 11:33:13;Inconnu, La Tronche;45.198524;5.758112;0.0;ARRET;29;
22/11/23 11:33:37;Inconnu, La Tronche;45.198273;5.758228;16.0;HAUT LE PIED;18;
22/11/23 11:33:41;Inconnu, La Tronche;45.198116;5.758251;14.0;HAUT LE PIED;23;
22/11/23 11:33:45;Inconnu, La Tronche;45.197906;5.758257;22.0;HAUT LE PIED;26;
22/11/23 11:33:49;Inconnu, La Tronche;45.197708;5.758433;24.0;HAUT LE PIED;56;
22/11/23 11:33:57;Inconnu, La Tronche;45.197392;5.758989;29.0;HAUT LE PIED;22;
22/11/23 11:34:00;Inconnu, La Tronche;45.19743;5.75926;24.0;HAUT LE PIED;44;
22/11/23 11:34:07;Inconnu, La Tronche;45.197613;5.759755;21.0;HAUT LE PIED;16;
22/11/23 11:34:10;Inconnu, La Tronche;45.197735;5.759868;18.0;HAUT LE PIED;16;
22/11/23 11:34:13;Inconnu, La Tronche;45.197876;5.759896;18.0;HAUT LE PIED;19;
22/11/23 11:34:17;Inconnu, La Tronche;45.198044;5.759836;17.0;HAUT LE PIED;8;
22/11/23 11:34:31;Inconnu, La Tronche;45.198109;5.759797;;MARCHE ARRIERE;3;
22/11/23 11:34:48;Inconnu, La Tronche;45.198132;5.759809;0.0;MARCHE ARRIERE;2;
22/11/23 11:34:54;Inconnu, La Tronche;45.198124;5.759825;;VIDAGE;3;
22/11/23 11:37:33;Inconnu, La Tronche;45.198139;5.759863;;MARCHE ARRIERE;0;
22/11/23 11:37:47;Inconnu, La Tronche;45.198139;5.759864;;VIDAGE;33;
22/11/23 11:38:04;Inconnu, La Tronche;45.197842;5.759802;18.0;HAUT LE PIED;21;
22/11/23 11:38:08;Inconnu, La Tronche;45.19767;5.759702;16.0;HAUT LE PIED;22;
22/11/23 11:38:12;Inconnu, La Tronche;45.197548;5.759482;23.0;HAUT LE PIED;40;
22/11/23 11:38:20;Inconnu, La Tronche;45.197445;5.758989;20.0;HAUT LE PIED;16;
22/11/23 11:38:23;Inconnu, La Tronche;45.197521;5.758821;22.0;HAUT LE PIED;33;
22/11/23 11:38:28;Inconnu, La Tronche;45.197746;5.758539;18.0;HAUT LE PIED;35;
22/11/23 11:38:33;Inconnu, La Tronche;45.198044;5.758391;18.0;HAUT LE PIED;14;
22/11/23 11:38:36;Inconnu, La Tronche;45.19817;5.758421;23.0;HAUT LE PIED;13;
22/11/23 11:38:39;Inconnu, La Tronche;45.198284;5.758446;17.0;HAUT LE PIED;15;
22/11/23 11:38:42;Inconnu, La Tronche;45.19841;5.758362;15.0;HAUT LE PIED;41;
22/11/23 11:39:13;Inconnu, La Tronche;45.19875;5.758151;0.0;ARRET;25;
22/11/23 11:39:34;Chemin de la Tuilerie, La Tronche;45.198975;5.758203;16.0;HAUT LE PIED;105;
22/11/23 11:39:47;Inconnu, La Tronche;45.19931;5.759456;30.0;HAUT LE PIED;25;
22/11/23 11:39:50;Chemin de la Tuilerie, La Tronche;45.199463;5.759694;30.0;HAUT LE PIED;32;
22/11/23 11:39:55;Chemin de la Tuilerie, La Tronche;45.199715;5.759897;17.0;HAUT LE PIED;15;
22/11/23 11:39:58;Chemin de la Tuilerie, La Tronche;45.199844;5.759847;19.0;HAUT LE PIED;85;
22/11/23 11:40:12;Chemin de la Tuilerie, Meylan;45.200481;5.75924;19.0;HAUT LE PIED;14;
22/11/23 11:40:15;A 41s, Meylan;45.200569;5.759362;20.0;HAUT LE PIED;511;
22/11/23 11:40:46;Chemin du Champ Moutet, Meylan;45.201744;5.765667;81.0;HAUT LE PIED;456;
22/11/23 11:41:05;A 41s, Meylan;45.202599;5.771361;89.0;HAUT LE PIED;698;
22/11/23 11:41:34;Inconnu, Meylan;45.203644;5.780136;76.0;HAUT LE PIED;57;
22/11/23 11:41:37;Inconnu, Meylan;45.203587;5.780864;68.0;HAUT LE PIED;54;
22/11/23 11:41:40;Inconnu, Meylan;45.203331;5.781444;64.0;HAUT LE PIED;53;
22/11/23 11:41:43;Inconnu, Meylan;45.20293;5.781802;64.0;HAUT LE PIED;53;
22/11/23 11:41:46;Inconnu, Meylan;45.202457;5.781868;65.0;HAUT LE PIED;97;
22/11/23 11:41:51;Rocade Sud, Meylan;45.201626;5.781505;73.0;HAUT LE PIED;280;
22/11/23 11:42:04;Rocade Sud, Meylan;45.199207;5.780521;81.0;HAUT LE PIED;111;
22/11/23 11:42:09;Rocade Sud, Meylan;45.198212;5.780688;83.0;HAUT LE PIED;381;
22/11/23 11:42:25;Rocade Sud, Meylan;45.194901;5.781907;88.0;HAUT LE PIED;246;
22/11/23 11:42:35;Rocade Sud, Meylan;45.192692;5.781988;87.0;HAUT LE PIED;600;
22/11/23 11:43:03;Rocade Sud, Gières;45.187302;5.781627;62.0;HAUT LE PIED;265;
22/11/23 11:43:18;Rocade Sud, Gières;45.184998;5.780791;68.0;HAUT LE PIED;222;
22/11/23 11:43:29;Rocade Sud, Saint-Martin-d'Hères;45.183167;5.779653;77.0;HAUT LE PIED;248;
22/11/23 11:43:40;Rocade Sud, Saint-Martin-d'Hères;45.181305;5.777918;84.0;HAUT LE PIED;239;
22/11/23 11:43:50;Rocade Sud, Saint-Martin-d'Hères;45.179707;5.775877;88.0;HAUT LE PIED;272;
22/11/23 11:44:01;Rocade Sud, Saint-Martin-d'Hères;45.178185;5.773161;88.0;HAUT LE PIED;575;
22/11/23 11:44:25;Rocade Sud, Saint-Martin-d'Hères;45.175091;5.76729;85.0;HAUT LE PIED;343;
22/11/23 11:44:40;Rocade Sud, Saint-Martin-d'Hères;45.172916;5.764193;80.0;HAUT LE PIED;309;
22/11/23 11:44:54;Rocade Sud, Saint-Martin-d'Hères;45.170727;5.761778;78.0;HAUT LE PIED;437;
22/11/23 11:45:14;Rocade Sud, Saint-Martin-d'Hères;45.167419;5.758765;81.0;HAUT LE PIED;387;
22/11/23 11:45:32;Rocade Sud, Saint-Martin-d'Hères;45.16452;5.756029;76.0;HAUT LE PIED;639;
22/11/23 11:46:03;Rocade Sud, Saint-Martin-d'Hères;45.159958;5.751084;63.0;HAUT LE PIED;546;
22/11/23 11:46:33;Rocade Sud, Eybens;45.156105;5.746778;66.0;HAUT LE PIED;259;
22/11/23 11:46:47;Inconnu, Eybens;45.154488;5.7444;67.0;HAUT LE PIED;279;
22/11/23 11:47:02;Rocade Sud, Eybens;45.153046;5.741498;68.0;HAUT LE PIED;257;
22/11/23 11:47:15;Rocade Sud, Eybens;45.152016;5.738564;74.0;HAUT LE PIED;300;
22/11/23 11:47:31;Inconnu, Eybens;45.15126;5.73489;35.0;HAUT LE PIED;30;
22/11/23 11:47:36;Inconnu, Eybens;45.15123;5.734511;15.0;HAUT LE PIED;17;
22/11/23 11:47:39;Inconnu, Eybens;45.151314;5.734328;26.0;HAUT LE PIED;22;
22/11/23 11:47:42;D 269A, Eybens;45.151382;5.734063;29.0;HAUT LE PIED;24;
22/11/23 11:47:45;Inconnu, Eybens;45.151337;5.733758;31.0;HAUT LE PIED;26;
22/11/23 11:47:48;Inconnu, Eybens;45.15118;5.733518;33.0;HAUT LE PIED;27;
22/11/23 11:47:51;Inconnu, Eybens;45.150948;5.733428;32.0;HAUT LE PIED;29;
22/11/23 11:47:54;Inconnu, Eybens;45.150703;5.733552;36.0;HAUT LE PIED;29;
22/11/23 11:47:57;Inconnu, Eybens;45.150547;5.733855;35.0;HAUT LE PIED;29;
22/11/23 11:48:00;D 269A, Eybens;45.150364;5.73411;36.0;HAUT LE PIED;244;
22/11/23 11:48:31;D 269A, Eybens;45.148361;5.735363;10.0;HAUT LE PIED;12;
22/11/23 11:48:35;Rue François Quesnay, Eybens;45.148251;5.735361;16.0;HAUT LE PIED;17;
22/11/23 11:48:38;Rue François Quesnay, Eybens;45.148098;5.735379;24.0;HAUT LE PIED;18;
22/11/23 11:48:41;Rue François Quesnay, Eybens;45.147995;5.73556;22.0;HAUT LE PIED;15;
22/11/23 11:48:44;Rue François Quesnay, Eybens;45.147907;5.735709;19.0;HAUT LE PIED;302;
22/11/23 11:49:14;Rue François Quesnay, Eybens;45.145649;5.737845;40.0;HAUT LE PIED;187;
22/11/23 11:49:44;Rue François Quesnay, Eybens;45.144241;5.739148;30.0;HAUT LE PIED;46;
22/11/23 11:49:50;Rue François Quesnay, Eybens;45.143875;5.739425;20.0;HAUT LE PIED;13;
22/11/23 11:49:53;Avenue de la République, Eybens;45.143776;5.739339;20.0;HAUT LE PIED;174;
22/11/23 11:50:11;Avenue de la République, Eybens;45.143181;5.737286;38.0;HAUT LE PIED;170;
22/11/23 11:50:33;Avenue de la République, Eybens;45.142651;5.735259;10.0;HAUT LE PIED;11;
22/11/23 11:50:36;Inconnu, Bresson;45.142555;5.735248;10.0;HAUT LE PIED;12;
22/11/23 11:50:39;Inconnu, Bresson;45.142475;5.735348;15.0;HAUT LE PIED;13;
22/11/23 11:50:42;Inconnu, Bresson;45.142445;5.735512;16.0;HAUT LE PIED;12;
22/11/23 11:50:45;Inconnu, Bresson;45.142391;5.735651;8.0;HAUT LE PIED;8;
22/11/23 11:50:48;Inconnu, Bresson;45.142319;5.735662;8.0;HAUT LE PIED;8;
22/11/23 11:50:53;Inconnu, Bresson;45.142273;5.735585;;MARCHE ARRIERE;11;
22/11/23 11:51:15;Inconnu, Bresson;45.142353;5.73567;;ARRET;1;
22/11/23 11:51:19;Inconnu, Bresson;45.142361;5.735673;0.0;ARRET;0;
22/11/23 11:51:20;Inconnu, Bresson;45.142361;5.735676;;MOTEUR OFF;2;
22/11/23 12:36:10;Inconnu, Bresson;45.142372;5.7357;;ARRET;0;
22/11/23 12:36:28;Inconnu, Bresson;45.142372;5.735701;;MOTEUR OFF;11;
22/11/23 12:53:33;Inconnu, Bresson;45.142426;5.735584;;ARRET;0;
22/11/23 12:53:33;Inconnu, Bresson;45.142426;5.735584;;ARRET;0;
22/11/23 12:53:33;Inconnu, Bresson;45.142426;5.735584;;ARRET;0;
22/11/23 12:53:33;Inconnu, Bresson;45.142426;5.735584;;ARRET;0;
22/11/23 12:53:33;Inconnu, Bresson;45.142426;5.735584;;ARRET;0;
22/11/23 12:53:33;Inconnu, Bresson;45.142426;5.735584;;ARRET;0;
22/11/23 12:53:43;Inconnu, Bresson;45.142426;5.735584;6.0;HAUT LE PIED;8;
22/11/23 12:54:13;Inconnu, Bresson;45.142368;5.735648;0.0;ARRET;0;
22/11/23 12:54:23;Inconnu, Bresson;45.142368;5.735648;;MARCHE ARRIERE;6;
22/11/23 12:54:33;Inconnu, Bresson;45.142399;5.735708;;ARRET;27;
22/11/23 12:56:35;Inconnu, Bresson;45.142551;5.735438;6.0;HAUT LE PIED;10;
22/11/23 12:56:41;Inconnu, Bresson;45.142597;5.735328;8.0;HAUT LE PIED;25;
22/11/23 12:56:59;Avenue de la République, Eybens;45.142727;5.735592;20.0;HAUT LE PIED;259;
22/11/23 12:57:29;Avenue de la République, Eybens;45.143501;5.73871;33.0;HAUT LE PIED;53;
22/11/23 12:57:59;Avenue de la République, Eybens;45.143677;5.739335;0.0;ARRET;30;
22/11/23 12:58:28;Rue François Quesnay, Eybens;45.143887;5.739578;19.0;HAUT LE PIED;154;
22/11/23 12:58:43;Rue François Quesnay, Eybens;45.145065;5.738549;48.0;HAUT LE PIED;375;
22/11/23 12:59:14;Rue François Quesnay, Eybens;45.147911;5.73599;11.0;HAUT LE PIED;13;
22/11/23 12:59:19;Rue François Quesnay, Eybens;45.148022;5.735939;15.0;HAUT LE PIED;29;
22/11/23 12:59:24;Rue Pierre Mendès France, Eybens;45.148285;5.735952;29.0;HAUT LE PIED;23;
22/11/23 12:59:27;Rue François Quesnay, Eybens;45.148422;5.735736;28.0;HAUT LE PIED;26;
22/11/23 12:59:30;François Quesnay, Eybens;45.148602;5.735524;34.0;HAUT LE PIED;225;
22/11/23 12:59:49;D 269A, Eybens;45.150433;5.734305;27.0;HAUT LE PIED;26;
22/11/23 12:59:57;Inconnu, Eybens;45.150654;5.734423;20.0;HAUT LE PIED;19;
22/11/23 13:00:00;Inconnu, Eybens;45.150795;5.734569;30.0;HAUT LE PIED;28;
22/11/23 13:00:03;Inconnu, Eybens;45.151043;5.734589;36.0;HAUT LE PIED;28;
22/11/23 13:00:06;Inconnu, Eybens;45.151257;5.734412;35.0;HAUT LE PIED;35;
22/11/23 13:00:10;D 269A, Eybens;45.151489;5.73411;28.0;HAUT LE PIED;27;
22/11/23 13:00:13;D 269A, Eybens;45.151733;5.734072;36.0;HAUT LE PIED;139;
22/11/23 13:00:28;Inconnu, Eybens;45.152985;5.734009;17.0;HAUT LE PIED;14;
22/11/23 13:00:31;Rond-Point Jean Monnet, Eybens;45.153088;5.734111;20.0;HAUT LE PIED;31;
22/11/23 13:00:36;Rue Le Corbusier, Eybens;45.153263;5.734423;25.0;HAUT LE PIED;23;
22/11/23 13:00:39;Rue Le Corbusier, Eybens;45.153286;5.73472;32.0;HAUT LE PIED;164;
22/11/23 13:00:57;Rue Le Corbusier, Eybens;45.153313;5.736808;12.0;HAUT LE PIED;18;
22/11/23 13:01:03;Rue Le Corbusier, Eybens;45.153217;5.736998;15.0;HAUT LE PIED;11;
22/11/23 13:01:06;Rue Le Corbusier, Eybens;45.15321;5.737139;13.0;HAUT LE PIED;11;
22/11/23 13:01:09;Rue Le Corbusier, Eybens;45.153179;5.737276;12.0;HAUT LE PIED;11;
22/11/23 13:01:12;;45.153091;5.737329;13.0;HAUT LE PIED;20;
22/11/23 13:01:17;;45.152912;5.737344;8.0;HAUT LE PIED;7;
22/11/23 13:01:20;;45.152897;5.737426;9.0;HAUT LE PIED;15;
22/11/23 13:01:40;;45.152908;5.737615;;DEPOT;0;
22/11/23 13:01:51;;45.152908;5.73762;0.0;DEPOT;0;
